:ID,:LABEL,prefLabel
cat-academic-accommodation-plans,Category,Academic Accommodation Plans
cat-academic-advising,Category,Academic Advising
cat-academic-affairs,Category,Academic Affairs
cat-academic-tenacity,Category,Academic Tenacity
cat-academic-writing,Category,Academic Writing
cat-acceptance-testing,Category,Acceptance Testing
cat-access-controls,Category,Access Controls
cat-access-network,Category,Access Network
cat-account-analysis,Category,Account Analysis
cat-account-reconciliation,Category,Account Reconciliation
cat-accountability,Category,Accountability
cat-accounting,Category,Accounting
cat-accounting-ethics,Category,Accounting Ethics
cat-accounting-management,Category,Accounting Management
cat-accounting-software,Category,Accounting Software
cat-accounting-systems,Category,Accounting Systems
cat-accounts-payable,Category,Accounts Payable
cat-accounts-receivable,Category,Accounts Receivable
cat-accruals,Category,Accruals
cat-acquisitions-and-mergers,Category,Acquisitions and Mergers
cat-active-directory,Category,Active Directory
cat-active-learning,Category,Active Learning
cat-active-listening,Category,Active Listening
cat-acute-care,Category,Acute Care
cat-adaptability,Category,Adaptability
cat-addie-instructional-design-model,Category,ADDIE Instructional Design Model
cat-advanced-cardiovascular-life-support-acls,Category,Advanced Cardiovascular Life Support (ACLS)
cat-advertisement,Category,Advertisement
cat-advertising-campaigns,Category,Advertising Campaigns
cat-advertising-sales,Category,Advertising Sales
cat-advising,Category,Advising
cat-advocacy,Category,Advocacy
cat-aerosol-therapy,Category,Aerosol Therapy
cat-agency,Category,Agency
cat-agency-law,Category,Agency Law
cat-agile-project-management,Category,Agile Project Management
cat-agile-software-development,Category,Agile Software Development
cat-air-quality,Category,Air Quality
cat-algebra,Category,Algebra
cat-algorithm-analysis,Category,Algorithm Analysis
cat-algorithms,Category,Algorithms
cat-allyship,Category,Allyship
cat-amazon-web-services,Category,Amazon Web Services
cat-analytical-skills,Category,Analytical Skills
cat-analytical-techniques,Category,Analytical Techniques
cat-analytical-thinking,Category,Analytical Thinking
cat-analytics,Category,Analytics
cat-anatomy,Category,Anatomy
cat-anti-money-laundering,Category,Anti-Money Laundering
cat-apache-hadoop,Category,Apache Hadoop
cat-appeals,Category,Appeals
cat-applicant-tracking-systems,Category,Applicant Tracking Systems
cat-application-development,Category,Application Development
cat-application-programming-interface-api,Category,Application Programming Interface (API)
cat-application-security,Category,Application Security
cat-applied-ethics,Category,Applied Ethics
cat-applied-mathematics,Category,Applied Mathematics
cat-architectural-drawing,Category,Architectural Drawing
cat-art-literacy,Category,Art Literacy
cat-artificial-intelligence-ai,Category,Artificial Intelligence (AI)
cat-artificial-neural-networks,Category,Artificial Neural Networks
cat-assess-patient-needs,Category,Assess Patient Needs
cat-asset-allocation,Category,Asset Allocation
cat-asset-protection,Category,Asset Protection
cat-audience-segmentation,Category,Audience Segmentation
cat-auditing,Category,Auditing
cat-authentications,Category,Authentications
cat-automated-external-defibrillator,Category,Automated External Defibrillator
cat-backdoor,Category,Backdoor
cat-backup-and-restore,Category,Backup And Restore
cat-backup-devices,Category,Backup Devices
cat-backward-design,Category,Backward Design
cat-balance-sheet,Category,Balance Sheet
cat-bank-examination,Category,Bank Examination
cat-bank-reconciliations,Category,Bank Reconciliations
cat-banking,Category,Banking
cat-bankruptcies,Category,Bankruptcies
cat-basic-math,Category,Basic Math
cat-behavioral-science,Category,Behavioral Science
cat-benefits-administration,Category,Benefits Administration
cat-big-data,Category,Big Data
cat-big-data-management,Category,Big Data Management
cat-biological-systems,Category,Biological Systems
cat-blueprinting,Category,Blueprinting
cat-bookkeeping,Category,Bookkeeping
cat-border-gateway-protocol,Category,Border Gateway Protocol
cat-brand-awareness,Category,Brand Awareness
cat-brand-management,Category,Brand Management
cat-brand-marketing,Category,Brand Marketing
cat-brand-strategy,Category,Brand Strategy
cat-budgeting,Category,Budgeting
cat-business-acumen,Category,Business Acumen
cat-business-administration,Category,Business Administration
cat-business-analysis,Category,Business Analysis
cat-business-analytics,Category,Business Analytics
cat-business-communications,Category,Business Communications
cat-business-continuity-planning,Category,Business Continuity Planning
cat-business-development,Category,Business Development
cat-business-ethics,Category,Business Ethics
cat-business-forecasting,Category,Business Forecasting
cat-business-intelligence,Category,Business Intelligence
cat-business-intelligence-tools,Category,Business Intelligence Tools
cat-business-management,Category,Business Management
cat-business-networking,Category,Business Networking
cat-business-operations,Category,Business Operations
cat-business-planning,Category,Business Planning
cat-business-process,Category,Business Process
cat-business-process-management,Category,Business Process Management
cat-business-proposals,Category,Business Proposals
cat-business-requirements,Category,Business Requirements
cat-business-software,Category,Business Software
cat-business-strategies,Category,Business Strategies
cat-business-strategy,Category,Business Strategy
cat-business-systems,Category,Business Systems
cat-business-to-business,Category,Business to Business
cat-business-transformation,Category,Business Transformation
cat-c-programming-language,Category,C (Programming Language)
cat-calculus,Category,Calculus
cat-capacity-planning,Category,Capacity Planning
cat-cardiology,Category,Cardiology
cat-cardiopulmonary-resuscitation-cpr,Category,Cardiopulmonary Resuscitation (CPR)
cat-care-coordination,Category,Care Coordination
cat-care-delivery-models,Category,Care Delivery Models
cat-care-delivery-process,Category,Care Delivery Process
cat-care-planning,Category,Care Planning
cat-career-counseling,Category,Career Counseling
cat-career-development,Category,Career Development
cat-career-management,Category,Career Management
cat-caring-and-consideration,Category,Caring and Consideration
cat-cascading-style-sheets-css,Category,Cascading Style Sheets (CSS)
cat-case-management,Category,Case Management
cat-cash-flow-analysis,Category,Cash Flow Analysis
cat-cataloguing,Category,Cataloguing
cat-causal-inference,Category,Causal Inference
cat-certified-public-accountant,Category,Certified Public Accountant
cat-change-management,Category,Change Management
cat-chatbot,Category,Chatbot
cat-chemical-engineering,Category,Chemical Engineering
cat-chemical-hazards,Category,Chemical Hazards
cat-chemistry,Category,Chemistry
cat-civic-disposition,Category,Civic Disposition
cat-civic-engagement,Category,Civic Engagement
cat-civic-identity,Category,Civic Identity
cat-civil-engineering,Category,Civil Engineering
cat-classroom-management,Category,Classroom Management
cat-cleanliness,Category,Cleanliness
cat-client-rapport,Category,Client Rapport
cat-client-services,Category,Client Services
cat-climate-engineering,Category,Climate Engineering
cat-clinical-evaluation,Category,Clinical Evaluation
cat-clinical-leadership,Category,Clinical Leadership
cat-clinical-practices,Category,Clinical Practices
cat-clinical-reasoning,Category,Clinical Reasoning
cat-cloud-computing,Category,Cloud Computing
cat-cloud-computing-architecture,Category,Cloud Computing Architecture
cat-cloud-computing-security,Category,Cloud Computing Security
cat-coaching,Category,Coaching
cat-code-review,Category,Code Review
cat-cognitive-load-management,Category,Cognitive Load Management
cat-collaboration,Category,Collaboration
cat-collaborative-learning,Category,Collaborative Learning
cat-collections,Category,Collections
cat-commercial-finance,Category,Commercial Finance
cat-communicable-diseases,Category,Communicable Diseases
cat-communication,Category,Communication
cat-communication-and-interaction,Category,Communication and Interaction
cat-communication-strategies,Category,Communication Strategies
cat-communications,Category,Communications
cat-community-development,Category,Community Development
cat-community-health,Category,Community Health
cat-community-management,Category,Community Management
cat-compassion,Category,Compassion
cat-compensation-and-benefits,Category,Compensation and Benefits
cat-compensation-management,Category,Compensation Management
cat-competitive-analysis,Category,Competitive Analysis
cat-complex-sales,Category,Complex Sales
cat-compliance-management,Category,Compliance Management
cat-compliance-training,Category,Compliance Training
cat-computer-aided-design,Category,Computer-Aided Design
cat-computer-data-storage,Category,Computer Data Storage
cat-computer-forensics,Category,Computer Forensics
cat-computer-hardware,Category,Computer Hardware
cat-computer-literacy,Category,Computer Literacy
cat-computer-networks,Category,Computer Networks
cat-computer-programming,Category,Computer Programming
cat-computer-science,Category,Computer Science
cat-computer-security,Category,Computer Security
cat-conceptual-model,Category,Conceptual Model
cat-configuration-management,Category,Configuration Management
cat-conflict-management,Category,Conflict Management
cat-conflict-resolution,Category,Conflict Resolution
cat-consolidation,Category,Consolidation
cat-construction,Category,Construction
cat-construction-management,Category,Construction Management
cat-constructive-feedback,Category,Constructive Feedback
cat-consulting,Category,Consulting
cat-consumer-behavior,Category,Consumer Behavior
cat-consumer-engagement,Category,Consumer Engagement
cat-container-management,Category,Container Management
cat-container-security,Category,Container Security
cat-content-creation,Category,Content Creation
cat-content-management,Category,Content Management
cat-content-marketing,Category,Content Marketing
cat-content-strategy,Category,Content Strategy
cat-continuous-improvement,Category,Continuous Improvement
cat-continuous-improvement-process,Category,Continuous Improvement Process
cat-continuous-integration,Category,Continuous Integration
cat-continuous-quality-improvement-cqi,Category,Continuous Quality Improvement (CQI)
cat-contract-management,Category,Contract Management
cat-control-systems,Category,Control Systems
cat-coordinating,Category,Coordinating
cat-corporate-accounting,Category,Corporate Accounting
cat-corporate-communications,Category,Corporate Communications
cat-corporate-finance,Category,Corporate Finance
cat-corporate-governance,Category,Corporate Governance
cat-corporate-social-responsibility,Category,Corporate Social Responsibility
cat-corrective-and-preventive-action-capa,Category,Corrective and Preventive Action (CAPA)
cat-cost-accounting,Category,Cost Accounting
cat-cost-benefit-analysis,Category,Cost Benefit Analysis
cat-cost-management,Category,Cost Management
cat-cost-reduction,Category,Cost Reduction
cat-counter-terrorism,Category,Counter-Terrorism
cat-counterintelligence,Category,Counterintelligence
cat-courage,Category,Courage
cat-course-development,Category,Course Development
cat-course-evaluations,Category,Course Evaluations
cat-creative-problem-solving,Category,Creative Problem Solving
cat-creative-thinking,Category,Creative Thinking
cat-creativity,Category,Creativity
cat-credit-analysis,Category,Credit Analysis
cat-credit-management,Category,Credit Management
cat-credit-risk,Category,Credit Risk
cat-crime-scenes-forensic-evidence,Category,Crime Scenes (Forensic Evidence)
cat-criminal-investigation,Category,Criminal Investigation
cat-criminal-justice,Category,Criminal Justice
cat-criminal-law,Category,Criminal Law
cat-criminology,Category,Criminology
cat-crisis-communications,Category,Crisis Communications
cat-crisis-intervention,Category,Crisis Intervention
cat-crisis-management,Category,Crisis Management
cat-critical-care,Category,Critical Care
cat-critical-evaluation,Category,Critical Evaluation
cat-critical-thinking,Category,Critical Thinking
cat-crowd-control,Category,Crowd Control
cat-cryptography,Category,Cryptography
cat-cultural-diversity,Category,Cultural Diversity
cat-cultural-literacy,Category,Cultural Literacy
cat-cultural-sensitivity,Category,Cultural Sensitivity
cat-culturally-sensitive,Category,Culturally Sensitive
cat-curiosity,Category,Curiosity
cat-curriculum-design,Category,Curriculum Design
cat-curriculum-development,Category,Curriculum Development
cat-curriculum-planning,Category,Curriculum Planning
cat-customer-billing,Category,Customer Billing
cat-customer-engagement,Category,Customer Engagement
cat-customer-experience,Category,Customer Experience
cat-customer-insights,Category,Customer Insights
cat-customer-lifecycle-management,Category,Customer Lifecycle Management
cat-customer-relationship-management,Category,Customer Relationship Management
cat-customer-satisfaction,Category,Customer Satisfaction
cat-customer-segmentation,Category,Customer Segmentation
cat-customer-service,Category,Customer Service
cat-customer-support,Category,Customer Support
cat-cyber-security,Category,Cyber Security
cat-cyber-threat-hunting,Category,Cyber Threat Hunting
cat-cyber-threat-intelligence,Category,Cyber Threat Intelligence
cat-cybersecurity,Category,Cybersecurity
cat-cybersecurity-assessment,Category,Cybersecurity Assessment
cat-cybersecurity-strategy,Category,Cybersecurity Strategy
cat-dashboard,Category,Dashboard
cat-data-analysis,Category,Data Analysis
cat-data-analytics,Category,Data Analytics
cat-data-architecture,Category,Data Architecture
cat-data-centers,Category,Data Centers
cat-data-collection,Category,Data Collection
cat-data-driven-decision-making,Category,Data-Driven Decision-Making
cat-data-engineering,Category,Data Engineering
cat-data-entry,Category,Data Entry
cat-data-governance,Category,Data Governance
cat-data-integrity,Category,Data Integrity
cat-data-intelligence,Category,Data Intelligence
cat-data-literacy,Category,Data Literacy
cat-data-management,Category,Data Management
cat-data-manipulation,Category,Data Manipulation
cat-data-mining,Category,Data Mining
cat-data-modeling,Category,Data Modeling
cat-data-normalization,Category,Data Normalization
cat-data-presentation,Category,Data Presentation
cat-data-privacy,Category,Data Privacy
cat-data-processing,Category,Data Processing
cat-data-quality,Category,Data Quality
cat-data-science,Category,Data Science
cat-data-security,Category,Data Security
cat-data-storytelling,Category,Data Storytelling
cat-data-structures,Category,Data Structures
cat-data-visualization,Category,Data Visualization
cat-data-warehousing,Category,Data Warehousing
cat-database-administration,Category,Database Administration
cat-database-application,Category,Database Application
cat-database-design,Category,Database Design
cat-database-management,Category,Database Management
cat-database-management-systems,Category,Database Management Systems
cat-database-systems,Category,Database Systems
cat-de-escalation-techniques,Category,De-escalation Techniques
cat-debugging,Category,Debugging
cat-decision-making,Category,Decision Making
cat-deductive-reasoning,Category,Deductive Reasoning
cat-deep-learning,Category,Deep Learning
cat-defensive-driving,Category,Defensive Driving
cat-defensive-tactics,Category,Defensive Tactics
cat-dementia-care,Category,Dementia Care
cat-dental-examinations,Category,Dental Examinations
cat-dental-materials,Category,Dental Materials
cat-dental-surgery,Category,Dental Surgery
cat-dental-technology,Category,Dental Technology
cat-dentistry,Category,Dentistry
cat-dermatology,Category,Dermatology
cat-design-of-experiments,Category,Design of Experiments
cat-design-thinking,Category,Design Thinking
cat-design-tool,Category,Design Tool
cat-desktop-computing,Category,Desktop Computing
cat-detail-oriented,Category,Detail Oriented
cat-devops,Category,DevOps
cat-diagnostic-skills,Category,Diagnostic Skills
cat-diagnostic-tests,Category,Diagnostic Tests
cat-dialysis,Category,Dialysis
cat-differentiated-instruction,Category,Differentiated Instruction
cat-digital-communications,Category,Digital Communications
cat-digital-forensics,Category,Digital Forensics
cat-digital-imaging,Category,Digital Imaging
cat-digital-literacy,Category,Digital Literacy
cat-digital-marketing,Category,Digital Marketing
cat-digital-marketing-analytics,Category,Digital Marketing Analytics
cat-digital-storytelling,Category,Digital Storytelling
cat-digital-transformation,Category,Digital Transformation
cat-disabilities,Category,Disabilities
cat-disability-management,Category,Disability Management
cat-disaster-recovery,Category,Disaster Recovery
cat-discharge-planning,Category,Discharge Planning
cat-disciplinary-literacy,Category,Disciplinary Literacy
cat-distributed-database,Category,Distributed Database
cat-diversity-and-inclusion,Category,Diversity and Inclusion
cat-diversity-awareness,Category,Diversity Awareness
cat-diversity-management,Category,Diversity Management
cat-diversity-strategies,Category,Diversity Strategies
cat-dna-profiling,Category,DNA Profiling
cat-document-management-systems,Category,Document Management Systems
cat-dod-information-assurance-certification-and-accreditation-process-diacap,Category,DoD Information Assurance Certification and Accreditation Process (DIACAP)
cat-e-commerce,Category,E-Commerce
cat-early-childhood-education,Category,Early Childhood Education
cat-early-intervention,Category,Early Intervention
cat-economics,Category,Economics
cat-education-law,Category,Education Law
cat-education-software-and-technology,Category,Education Software and Technology
cat-education-theories,Category,Education Theories
cat-educational-administration,Category,Educational Administration
cat-educational-advocacy,Category,Educational Advocacy
cat-educational-assesment,Category,Educational Assesment
cat-educational-assessment,Category,Educational Assessment
cat-educational-assessment-design,Category,Educational Assessment Design
cat-educational-assessment-development,Category,Educational Assessment Development
cat-educational-evaluation,Category,Educational Evaluation
cat-educational-leadership,Category,Educational Leadership
cat-educational-leadership-of-character-initiatives,Category,Educational Leadership of Character Initiatives
cat-educational-management,Category,Educational Management
cat-educational-needs-assessment,Category,Educational Needs Assessment
cat-educational-operations,Category,Educational Operations
cat-educational-professionalism,Category,Educational Professionalism
cat-educational-program-design,Category,Educational Program Design
cat-educational-program-development,Category,Educational Program Development
cat-educational-program-evaluation,Category,Educational Program Evaluation
cat-educational-software,Category,Educational Software
cat-educational-technologies,Category,Educational Technologies
cat-electrical-engineering,Category,Electrical Engineering
cat-electrical-systems,Category,Electrical Systems
cat-electrocardiography,Category,Electrocardiography
cat-electromechanics,Category,Electromechanics
cat-electronic-discovery,Category,Electronic Discovery
cat-electronic-medical-record,Category,Electronic Medical Record
cat-electronic-portfolio,Category,Electronic Portfolio
cat-electronic-systems,Category,Electronic Systems
cat-electronics,Category,Electronics
cat-email-marketing,Category,Email Marketing
cat-emergency-management,Category,Emergency Management
cat-emergency-medical-services,Category,Emergency Medical Services
cat-emergency-medicine,Category,Emergency Medicine
cat-emotional-intelligence,Category,Emotional Intelligence
cat-empathy,Category,Empathy
cat-empirical-analysis,Category,Empirical Analysis
cat-employee-assistance-programs,Category,Employee Assistance Programs
cat-employee-benefits,Category,Employee Benefits
cat-employee-coaching,Category,Employee Coaching
cat-employee-engagement,Category,Employee Engagement
cat-employee-onboarding,Category,Employee Onboarding
cat-employee-relations,Category,Employee Relations
cat-employee-retention,Category,Employee Retention
cat-encryption,Category,Encryption
cat-endodontics,Category,Endodontics
cat-energy-conservation,Category,Energy Conservation
cat-engineering-analysis,Category,Engineering Analysis
cat-engineering-design-process,Category,Engineering Design Process
cat-engineering-drawings,Category,Engineering Drawings
cat-engineering-literacy,Category,Engineering Literacy
cat-engineering-mathematics,Category,Engineering Mathematics
cat-enterprise-architecture,Category,Enterprise Architecture
cat-enterprise-resource-planning,Category,Enterprise Resource Planning
cat-entrepreneurship,Category,Entrepreneurship
cat-environmental-compliance,Category,Environmental Compliance
cat-environmental-engineering,Category,Environmental Engineering
cat-environmental-health,Category,Environmental Health
cat-environmental-literacy,Category,Environmental Literacy
cat-environmental-management-systems,Category,Environmental Management Systems
cat-environmental-remediation,Category,Environmental Remediation
cat-environmental-resource-management,Category,Environmental Resource Management
cat-epidemiology,Category,Epidemiology
cat-erosion-control,Category,Erosion Control
cat-ethical-codes,Category,Ethical Codes
cat-ethical-practice,Category,Ethical Practice
cat-ethical-responsibility,Category,Ethical Responsibility
cat-ethical-standards-and-conduct,Category,Ethical Standards And Conduct
cat-evidence-based-practice,Category,Evidence-Based Practice
cat-evidence-collection,Category,Evidence Collection
cat-experiential-learning,Category,Experiential Learning
cat-explanation-of-benefits-eob,Category,Explanation of Benefits (EOB)
cat-extensible-markup-language-xml,Category,Extensible Markup Language (XML)
cat-extract-transform-load-etl,Category,Extract Transform Load (ETL)
cat-fabrication,Category,Fabrication
cat-facility-operations,Category,Facility Operations
cat-faculty-development,Category,Faculty Development
cat-failure-mode-and-effects-analysis,Category,Failure Mode and Effects Analysis
cat-family-and-medical-leave-act-of-1993,Category,Family and Medical Leave Act Of 1993
cat-family-educational-rights-and-privacy-act,Category,Family Educational Rights and Privacy Act
cat-family-engagement,Category,Family Engagement
cat-finance,Category,Finance
cat-financial-accounting,Category,Financial Accounting
cat-financial-analysis,Category,Financial Analysis
cat-financial-auditing,Category,Financial Auditing
cat-financial-data,Category,Financial Data
cat-financial-forecasting,Category,Financial Forecasting
cat-financial-management,Category,Financial Management
cat-financial-modeling,Category,Financial Modeling
cat-financial-planning,Category,Financial Planning
cat-financial-reporting,Category,Financial Reporting
cat-financial-services,Category,Financial Services
cat-financial-statements,Category,Financial Statements
cat-financial-strategy,Category,Financial Strategy
cat-financial-systems,Category,Financial Systems
cat-fingerprint-identification-and-classification,Category,Fingerprint Identification And Classification
cat-fingerprint-recognition,Category,Fingerprint Recognition
cat-firewall,Category,Firewall
cat-first-aid,Category,First Aid
cat-flowcharts,Category,Flowcharts
cat-forecasting,Category,Forecasting
cat-forensic-biology,Category,Forensic Biology
cat-forensic-identification,Category,Forensic Identification
cat-forensic-photography,Category,Forensic Photography
cat-forensic-sciences,Category,Forensic Sciences
cat-forensic-toolkits,Category,Forensic Toolkits
cat-forensic-toxicology,Category,Forensic Toxicology
cat-formative-and-summative-assessments,Category,Formative and Summative Assessments
cat-fraud-prevention-and-detection,Category,Fraud Prevention And Detection
cat-front-end-software-development,Category,Front-End Software Development
cat-full-motion-video-fmv-exploitation,Category,Full Motion Video (FMV) Exploitation
cat-full-stack-development,Category,Full Stack Development
cat-functional-specifications,Category,Functional Specifications
cat-fund-accounting,Category,Fund Accounting
cat-fundraising,Category,Fundraising
cat-general-ledger,Category,General Ledger
cat-generally-accepted-accounting-principles,Category,Generally Accepted Accounting Principles
cat-geotechnical-engineering,Category,Geotechnical Engineering
cat-geriatrics,Category,Geriatrics
cat-global-and-cultural-effectiveness,Category,Global and Cultural Effectiveness
cat-goal-oriented,Category,Goal Oriented
cat-goal-setting,Category,Goal Setting
cat-google-cloud,Category,Google Cloud
cat-governmental-accounting,Category,Governmental Accounting
cat-grant-writing,Category,Grant Writing
cat-graphic-communication,Category,Graphic Communication
cat-graphic-design,Category,Graphic Design
cat-gratitude,Category,Gratitude
cat-group-decision-making,Category,Group Decision-Making
cat-hadoop-distributed-file-system-hdfs,Category,Hadoop Distributed File System (HDFS)
cat-health-administration,Category,Health Administration
cat-health-and-wellness-coaching,Category,Health And Wellness Coaching
cat-health-assessment,Category,Health Assessment
cat-health-education,Category,Health Education
cat-health-informatics,Category,Health Informatics
cat-health-information-management,Category,Health Information Management
cat-health-information-technology,Category,Health Information Technology
cat-health-insurance-portability-and-accountability-act-hipaa-compliance,Category,Health Insurance Portability and Accountability Act (HIPAA) Compliance
cat-health-intervention,Category,Health Intervention
cat-health-literacy,Category,Health Literacy
cat-health-policies,Category,Health Policies
cat-health-promotion,Category,Health Promotion
cat-healthcare-compliance,Category,Healthcare Compliance
cat-help-desk-support,Category,Help Desk Support
cat-high-motivation,Category,High Motivation
cat-higher-education,Category,Higher Education
cat-higher-education-administration,Category,Higher Education Administration
cat-higher-education-policy,Category,Higher Education Policy
cat-home-care,Category,Home Care
cat-hospice,Category,Hospice
cat-hospital-medicine,Category,Hospital Medicine
cat-human-development,Category,Human Development
cat-human-factors-and-ergonomics,Category,Human Factors and Ergonomics
cat-human-research-protections,Category,Human Research Protections
cat-human-resource-hr-strategic-planning,Category,Human Resource (HR) Strategic Planning
cat-human-resource-information-system-hris,Category,Human Resource Information System (HRIS)
cat-human-resource-management,Category,Human Resource Management
cat-human-resource-policies,Category,Human Resource Policies
cat-human-resources-concepts,Category,Human Resources Concepts
cat-human-resources-hr,Category,Human Resources (HR)
cat-human-resources-hr-compliance,Category,Human Resources (HR) Compliance
cat-human-resources-hr-in-the-global-context,Category,Human Resources (HR) in the Global Context
cat-human-subjects-research,Category,Human Subjects Research
cat-hydraulics,Category,Hydraulics
cat-hydrogeology,Category,Hydrogeology
cat-hypertext-markup-language-html,Category,Hypertext Markup Language (HTML)
cat-ideation,Category,Ideation
cat-identity-and-access-management,Category,Identity And Access Management
cat-imagery-intelligence,Category,Imagery Intelligence
cat-immigration-law,Category,Immigration Law
cat-immunization,Category,Immunization
cat-incident-command-system-ics,Category,Incident Command System (ICS)
cat-incident-report,Category,Incident Report
cat-incident-response,Category,Incident Response
cat-inclusion,Category,Inclusion
cat-industrial-engineering,Category,Industrial Engineering
cat-industrial-tools,Category,Industrial Tools
cat-industry-analysis,Category,Industry Analysis
cat-infection-control,Category,Infection Control
cat-influencing-skills,Category,Influencing Skills
cat-information-assurance,Category,Information Assurance
cat-information-governance,Category,Information Governance
cat-information-literacy,Category,Information literacy
cat-information-privacy,Category,Information Privacy
cat-information-risk-management,Category,Information Risk Management
cat-information-security-management,Category,Information Security Management
cat-information-systems,Category,Information Systems
cat-information-systems-security,Category,Information Systems Security
cat-information-technology,Category,Information Technology
cat-information-technology-audits,Category,Information Technology Audits
cat-information-technology-fundamentals,Category,Information Technology Fundamentals
cat-information-technology-infrastructure,Category,Information Technology Infrastructure
cat-information-technology-infrastructure-library,Category,Information Technology Infrastructure Library
cat-infrastructure,Category,Infrastructure
cat-infrastructure-as-a-service-iaas,Category,Infrastructure As A Service (IaaS)
cat-initiative,Category,Initiative
cat-innovation,Category,Innovation
cat-inquiry,Category,Inquiry
cat-instruction-delivery,Category,Instruction Delivery
cat-instructional-and-curriculum-design,Category,Instructional and Curriculum Design
cat-instructional-design,Category,Instructional Design
cat-instructional-design-model,Category,Instructional Design Model
cat-instructional-storyboarding,Category,Instructional Storyboarding
cat-instructional-strategies,Category,Instructional Strategies
cat-instructional-strategy,Category,Instructional Strategy
cat-instructional-wireframing,Category,Instructional Wireframing
cat-instrumentation,Category,Instrumentation
cat-intellectual-engagement,Category,Intellectual Engagement
cat-intellectual-property,Category,Intellectual Property
cat-intelligence-analysis,Category,Intelligence Analysis
cat-intelligence-gathering,Category,Intelligence Gathering
cat-intercultural-communication,Category,Intercultural Communication
cat-interdisciplinary-literacy,Category,Interdisciplinary Literacy
cat-interdisciplinary-teaching,Category,Interdisciplinary Teaching
cat-internal-affairs,Category,Internal Affairs
cat-internal-auditing,Category,Internal Auditing
cat-internal-controls,Category,Internal Controls
cat-internal-investigations,Category,Internal Investigations
cat-interpersonal-communications,Category,Interpersonal Communications
cat-intrusion-detection-and-prevention,Category,Intrusion Detection And Prevention
cat-invasive-procedures,Category,Invasive Procedures
cat-inventory-management,Category,Inventory Management
cat-investigation,Category,Investigation
cat-investment-management,Category,Investment Management
cat-invoicing,Category,Invoicing
cat-it-service-management,Category,IT Service Management
cat-java-programming-language,Category,Java (Programming Language)
cat-javascript-programming-language,Category,JavaScript (Programming Language)
cat-jira,Category,JIRA
cat-job-analysis,Category,Job Analysis
cat-justice,Category,Justice
cat-key-performance-indicators-kpis,Category,Key Performance Indicators (KPIs)
cat-labor-relations,Category,Labor Relations
cat-language-development,Category,Language Development
cat-language-education,Category,Language Education
cat-law-enforcement,Category,Law Enforcement
cat-law-enforcement-communications,Category,Law Enforcement Communications
cat-law-enforcement-operations,Category,Law Enforcement Operations
cat-law-enforcement-practices,Category,Law Enforcement Practices
cat-leadership,Category,Leadership
cat-leadership-development,Category,Leadership Development
cat-learner-analysis,Category,Learner Analysis
cat-learning-aids,Category,Learning Aids
cat-learning-and-development,Category,Learning and Development
cat-learning-and-development-strategy,Category,Learning and Development Strategy
cat-learning-development,Category,Learning Development
cat-learning-management-systems,Category,Learning Management Systems
cat-learning-strategies,Category,Learning Strategies
cat-learning-theory,Category,Learning Theory
cat-legal-compliance,Category,Legal Compliance
cat-legal-knowledge,Category,Legal Knowledge
cat-legal-services,Category,Legal Services
cat-legislation,Category,Legislation
cat-lesson-planning,Category,Lesson Planning
cat-library-catalog,Category,Library Catalog
cat-library-instruction,Category,Library Instruction
cat-library-management,Category,Library Management
cat-lifelong-learning,Category,Lifelong Learning
cat-linux,Category,Linux
cat-literacy-instruction,Category,Literacy Instruction
cat-loans,Category,Loans
cat-logistics,Category,Logistics
cat-logistics-management,Category,Logistics Management
cat-long-term-care,Category,Long-Term Care
cat-machine-learning,Category,Machine Learning
cat-malware-analysis,Category,Malware Analysis
cat-managed-care,Category,Managed Care
cat-management,Category,Management
cat-managerial-accounting,Category,Managerial Accounting
cat-managerial-communications,Category,Managerial Communications
cat-manufacturing-operations,Category,Manufacturing Operations
cat-manufacturing-process,Category,Manufacturing Process
cat-market-analysis,Category,Market Analysis
cat-market-development,Category,Market Development
cat-market-profile,Category,Market Profile
cat-market-research,Category,Market Research
cat-market-segmentation,Category,Market Segmentation
cat-marketing,Category,Marketing
cat-marketing-analysis,Category,Marketing Analysis
cat-marketing-analytics,Category,Marketing Analytics
cat-marketing-communications,Category,Marketing Communications
cat-marketing-design,Category,Marketing Design
cat-marketing-management,Category,Marketing Management
cat-marketing-materials,Category,Marketing Materials
cat-marketing-planning,Category,Marketing Planning
cat-marketing-software,Category,Marketing Software
cat-marketing-strategies,Category,Marketing Strategies
cat-marketing-strategy,Category,Marketing Strategy
cat-mathematics,Category,Mathematics
cat-media-literacy,Category,Media Literacy
cat-mediation,Category,Mediation
cat-medicaid-medicare,Category,Medicaid/Medicare
cat-medical-billing-and-coding,Category,Medical Billing And Coding
cat-medical-emergency,Category,Medical Emergency
cat-medical-ethics,Category,Medical Ethics
cat-medical-office-procedures,Category,Medical Office Procedures
cat-medical-records,Category,Medical Records
cat-medical-terminology,Category,Medical Terminology
cat-mental-agility,Category,Mental Agility
cat-mental-health,Category,Mental Health
cat-mental-status-examination,Category,Mental Status Examination
cat-mentorship,Category,Mentorship
cat-merchandising,Category,Merchandising
cat-mergers-and-acquisitions,Category,Mergers And Acquisitions
cat-microsoft-azure,Category,Microsoft Azure
cat-microsoft-windows,Category,Microsoft Windows
cat-mindfulness,Category,Mindfulness
cat-mindset,Category,Mindset
cat-mitigation,Category,Mitigation
cat-mobile-application-development,Category,Mobile Application Development
cat-mobile-device-management,Category,Mobile Device Management
cat-mobile-devices,Category,Mobile Devices
cat-model-based-systems-engineering,Category,Model-Based Systems Engineering
cat-multimedia,Category,Multimedia
cat-multitasking,Category,Multitasking
cat-natural-language-processing-nlp,Category,Natural Language Processing (NLP)
cat-needs-analysis,Category,Needs Analysis
cat-needs-assessment,Category,Needs Assessment
cat-negotiation,Category,Negotiation
cat-neonatal-intensive-care-unit,Category,Neonatal Intensive Care Unit
cat-neonatal-resuscitation-program,Category,Neonatal Resuscitation Program
cat-net-framework,Category,.NET Framework
cat-network-access-control,Category,Network Access Control
cat-network-analysis,Category,Network Analysis
cat-network-architecture,Category,Network Architecture
cat-network-configuration,Category,Network Configuration
cat-network-engineering,Category,Network Engineering
cat-network-management,Category,Network Management
cat-network-performance-management,Category,Network Performance Management
cat-network-routing,Category,Network Routing
cat-network-security,Category,Network Security
cat-network-troubleshooting,Category,Network Troubleshooting
cat-networking-basics,Category,Networking Basics
cat-networking-hardware,Category,Networking Hardware
cat-non-verbal-communication,Category,Non-Verbal Communication
cat-nurse-education,Category,Nurse Education
cat-nursing,Category,Nursing
cat-nursing-care,Category,Nursing Care
cat-nutrition-counseling,Category,Nutrition Counseling
cat-object-oriented-programming-oop,Category,Object-Oriented Programming (OOP)
cat-occupational-safety-and-health,Category,Occupational Safety and Health
cat-office-suite,Category,Office Suite
cat-onboarding,Category,Onboarding
cat-online-advertising,Category,Online Advertising
cat-online-communication,Category,Online Communication
cat-online-teaching,Category,Online Teaching
cat-operating-budget,Category,Operating Budget
cat-operating-systems,Category,Operating Systems
cat-operational-management,Category,Operational Management
cat-operations,Category,Operations
cat-operations-management,Category,Operations Management
cat-ophthalmology,Category,Ophthalmology
cat-optics,Category,Optics
cat-optimism,Category,Optimism
cat-optometry,Category,Optometry
cat-ordinances,Category,Ordinances
cat-organization-development,Category,Organization Development
cat-organizational-awareness,Category,Organizational Awareness
cat-organizational-communications,Category,Organizational Communications
cat-organizational-development,Category,Organizational Development
cat-organizational-ethics,Category,Organizational Ethics
cat-organizational-leadership,Category,Organizational Leadership
cat-organizational-learning,Category,Organizational Learning
cat-organizational-skills,Category,Organizational Skills
cat-organizational-strategy,Category,Organizational Strategy
cat-organizational-structure,Category,Organizational Structure
cat-orthodontics,Category,Orthodontics
cat-packaging-and-labeling,Category,Packaging And Labeling
cat-palliative-care,Category,Palliative Care
cat-parallel-computing,Category,Parallel Computing
cat-pathology,Category,Pathology
cat-patience,Category,Patience
cat-patient-advocacy,Category,Patient Advocacy
cat-patient-assessment,Category,Patient Assessment
cat-patient-benefits,Category,Patient Benefits
cat-patient-family-education,Category,Patient/Family Education
cat-patient-safety,Category,Patient Safety
cat-patient-transfer,Category,Patient Transfer
cat-patrolling,Category,Patrolling
cat-payroll-processing,Category,Payroll Processing
cat-pedagogy,Category,Pedagogy
cat-pediatrics,Category,Pediatrics
cat-penetration-testing,Category,Penetration Testing
cat-people-management,Category,People Management
cat-performance-appraisal,Category,Performance Appraisal
cat-performance-management,Category,Performance Management
cat-performance-tuning,Category,Performance Tuning
cat-periodontology,Category,Periodontology
cat-perseverance,Category,Perseverance
cat-personal-computers,Category,Personal Computers
cat-personal-finance,Category,Personal Finance
cat-personal-protective-equipment,Category,Personal Protective Equipment
cat-persuasive-communication,Category,Persuasive Communication
cat-pharmaceuticals,Category,Pharmaceuticals
cat-pharmacology,Category,Pharmacology
cat-physical-restraint,Category,Physical Restraint
cat-physical-science,Category,Physical Science
cat-physical-security,Category,Physical Security
cat-physiology,Category,Physiology
cat-pl-sql,Category,PL/SQL
cat-planning,Category,Planning
cat-platform-as-a-service-paas,Category,Platform as a Service (PaaS)
cat-point-of-care-testing,Category,Point-of-Care Testing
cat-police-reporting,Category,Police Reporting
cat-police-science,Category,Police Science
cat-policy-development,Category,Policy Development
cat-policy-management,Category,Policy Management
cat-policy-research-and-analysis,Category,Policy Research And Analysis
cat-pollution-prevention,Category,Pollution Prevention
cat-population-health,Category,Population Health
cat-portfolio-management,Category,Portfolio Management
cat-positive-airway-pressure-cpap-bipap,Category,Positive Airway Pressure (CPAP/BiPAP)
cat-positive-behavior-interventions-and-supports,Category,Positive Behavior Interventions and Supports
cat-positive-school-culture,Category,Positive School Culture
cat-practice-management,Category,Practice Management
cat-predetermined-motion-time-systems,Category,Predetermined Motion Time Systems
cat-prediction,Category,Prediction
cat-predictive-modelling,Category,Predictive Modelling
cat-prescription,Category,Prescription
cat-presentation-graphics,Category,Presentation Graphics
cat-presentations,Category,Presentations
cat-preventative-care,Category,Preventative Care
cat-preventive-maintenance,Category,Preventive Maintenance
cat-pricing-strategies,Category,Pricing Strategies
cat-prioritization,Category,Prioritization
cat-probability,Category,Probability
cat-problem-solving,Category,Problem Solving
cat-procedural-laws,Category,Procedural Laws
cat-process-design,Category,Process Design
cat-process-improvement,Category,Process Improvement
cat-process-management,Category,Process Management
cat-procurement,Category,Procurement
cat-product-design,Category,Product Design
cat-product-development,Category,Product Development
cat-product-knowledge,Category,Product Knowledge
cat-product-management,Category,Product Management
cat-product-marketing,Category,Product Marketing
cat-product-recall,Category,Product Recall
cat-production-planning,Category,Production Planning
cat-professional-communication,Category,Professional Communication
cat-professional-development,Category,Professional Development
cat-professional-development-programs,Category,Professional Development Programs
cat-professional-practice-evaluation,Category,Professional Practice Evaluation
cat-professional-responsibility,Category,Professional Responsibility
cat-professional-services,Category,Professional Services
cat-professionalism,Category,Professionalism
cat-profit-and-loss-pandl-management,Category,Profit And Loss (P&L) Management
cat-program-development,Category,Program Development
cat-program-evaluation,Category,Program Evaluation
cat-program-management,Category,Program Management
cat-programming-concepts,Category,Programming Concepts
cat-programming-literacy,Category,Programming Literacy
cat-progress-monitoring,Category,Progress Monitoring
cat-progress-reporting,Category,Progress Reporting
cat-project-management,Category,Project Management
cat-project-management-information-systems,Category,Project Management Information Systems
cat-project-planning,Category,Project Planning
cat-project-scoping,Category,Project Scoping
cat-prompt-engineering,Category,Prompt Engineering
cat-property-tax,Category,Property Tax
cat-prototyping,Category,Prototyping
cat-psychiatry,Category,Psychiatry
cat-psychological-evaluations,Category,Psychological Evaluations
cat-psychology,Category,Psychology
cat-public-health,Category,Public Health
cat-public-policies,Category,Public Policies
cat-public-relations,Category,Public Relations
cat-public-service,Category,Public Service
cat-purchasing,Category,Purchasing
cat-purpose,Category,Purpose
cat-python-programming-language,Category,Python (Programming Language)
cat-quality-assurance,Category,Quality Assurance
cat-quality-control,Category,Quality Control
cat-quality-management,Category,Quality Management
cat-quantitative-analysis,Category,Quantitative Analysis
cat-r-programming-language,Category,R (Programming Language)
cat-radio-equipment,Category,Radio Equipment
cat-recognizing-strengths,Category,Recognizing Strengths
cat-reconnaissance,Category,Reconnaissance
cat-records-management,Category,Records Management
cat-reflective-practice,Category,Reflective Practice
cat-reflective-teaching,Category,Reflective Teaching
cat-regulatory-compliance,Category,Regulatory Compliance
cat-rehabilitation,Category,Rehabilitation
cat-relational-databases,Category,Relational Databases
cat-relationship-building,Category,Relationship Building
cat-relationship-management,Category,Relationship Management
cat-request-for-proposal,Category,Request For Proposal
cat-requirement-prioritization,Category,Requirement Prioritization
cat-research,Category,Research
cat-resilience,Category,Resilience
cat-resource-management,Category,Resource Management
cat-respiratory-systems,Category,Respiratory Systems
cat-respiratory-therapy,Category,Respiratory Therapy
cat-responsibility-to-others,Category,Responsibility to Others
cat-retail-management,Category,Retail Management
cat-retail-marketing,Category,Retail Marketing
cat-retail-operations,Category,Retail Operations
cat-risk-analysis,Category,Risk Analysis
cat-risk-management,Category,Risk Management
cat-risk-reduction,Category,Risk Reduction
cat-robotics,Category,Robotics
cat-routing-protocols,Category,Routing Protocols
cat-safety-standards,Category,Safety Standards
cat-sales,Category,Sales
cat-sales-analysis,Category,Sales Analysis
cat-sales-management,Category,Sales Management
cat-sales-planning,Category,Sales Planning
cat-sales-strategy,Category,Sales Strategy
cat-sales-training,Category,Sales Training
cat-sampling-design,Category,Sampling Design
cat-sanitation,Category,Sanitation
cat-sarbanes-oxley-act-sox-compliance,Category,Sarbanes-Oxley Act (SOX) Compliance
cat-scala-programming-language,Category,Scala (Programming Language)
cat-scalability,Category,Scalability
cat-scheduling,Category,Scheduling
cat-scientific-literacy,Category,Scientific Literacy
cat-scientific-reasoning,Category,Scientific Reasoning
cat-scope-of-practice,Category,Scope of Practice
cat-scripting,Category,Scripting
cat-scrum-software-development,Category,Scrum (Software Development)
cat-search-engine-marketing,Category,Search Engine Marketing
cat-search-engine-optimization,Category,Search Engine Optimization
cat-search-warrant,Category,Search Warrant
cat-securities-finance,Category,Securities (Finance)
cat-security-administration,Category,Security Administration
cat-security-analysis,Category,Security Analysis
cat-security-controls,Category,Security Controls
cat-security-information-and-event-management-siem,Category,Security Information and Event Management (SIEM)
cat-security-policies,Category,Security Policies
cat-self-awareness,Category,Self-Awareness
cat-self-care,Category,Self Care
cat-self-compassion,Category,Self-Compassion
cat-self-control,Category,Self-Control
cat-self-defense,Category,Self Defense
cat-self-directed-learning,Category,Self-Directed Learning
cat-self-motivation,Category,Self-Motivation
cat-self-reflection,Category,Self-Reflection
cat-self-regulation,Category,Self-Regulation
cat-selling-techniques,Category,Selling Techniques
cat-senior-professional-in-human-resources,Category,Senior Professional In Human Resources
cat-sensemaking,Category,Sensemaking
cat-service-delivery,Category,Service Delivery
cat-service-level-agreement,Category,Service-Level Agreement
cat-service-provider,Category,Service Provider
cat-signals-intelligence,Category,Signals Intelligence
cat-site-security,Category,Site Security
cat-six-sigma-methodology,Category,Six Sigma Methodology
cat-sleep-medicine,Category,Sleep Medicine
cat-social-determinants-of-health,Category,Social Determinants of Health
cat-social-emotional-instruction,Category,Social-Emotional Instruction
cat-social-engineering,Category,Social Engineering
cat-social-justice,Category,Social Justice
cat-social-listening,Category,Social Listening
cat-social-media,Category,Social Media
cat-social-media-campaigns,Category,Social Media Campaigns
cat-social-media-management,Category,Social Media Management
cat-social-media-marketing,Category,Social Media Marketing
cat-social-media-strategy,Category,Social Media Strategy
cat-social-skills,Category,Social Skills
cat-social-work,Category,Social Work
cat-sociology,Category,Sociology
cat-software-architecture,Category,Software Architecture
cat-software-as-a-service-saas,Category,Software as a Service (SaaS)
cat-software-design,Category,Software Design
cat-software-design-patterns,Category,Software Design Patterns
cat-software-development,Category,Software Development
cat-software-development-life-cycle,Category,Software Development Life Cycle
cat-software-engineering,Category,Software Engineering
cat-software-testing,Category,Software Testing
cat-soil-science,Category,Soil Science
cat-soldering,Category,Soldering
cat-special-education,Category,Special Education
cat-special-education-resources,Category,Special Education Resources
cat-special-education-technologies,Category,Special Education Technologies
cat-special-education-technology,Category,Special Education Technology
cat-spill-containment,Category,Spill Containment
cat-spreadsheets,Category,Spreadsheets
cat-sql-programming-language,Category,SQL (Programming Language)
cat-stakeholder-management,Category,Stakeholder Management
cat-standard-operating-procedure,Category,Standard Operating Procedure
cat-statistical-inference,Category,Statistical Inference
cat-statistical-modeling,Category,Statistical Modeling
cat-statistical-packages,Category,Statistical Packages
cat-statistics,Category,Statistics
cat-sterile-techniques-and-procedures,Category,Sterile Techniques And Procedures
cat-stormwater-management,Category,Stormwater Management
cat-storyboarding,Category,Storyboarding
cat-storytelling,Category,Storytelling
cat-strategic-alignment,Category,Strategic Alignment
cat-strategic-communication,Category,Strategic Communication
cat-strategic-decision-making,Category,Strategic Decision-Making
cat-strategic-management,Category,Strategic Management
cat-strategic-marketing,Category,Strategic Marketing
cat-strategic-planning,Category,Strategic Planning
cat-strategic-thinking,Category,Strategic Thinking
cat-stress-management,Category,Stress Management
cat-stress-testing,Category,Stress Testing
cat-student-affairs-administration,Category,Student Affairs Administration
cat-student-centered-learning,Category,Student-Centered Learning
cat-student-development,Category,Student Development
cat-student-engagement,Category,Student Engagement
cat-student-information-systems,Category,Student Information Systems
cat-student-learning-outcomes,Category,Student Learning Outcomes
cat-student-recruitment,Category,Student Recruitment
cat-student-services,Category,Student Services
cat-substance-abuse,Category,Substance Abuse
cat-substance-dependence,Category,Substance Dependence
cat-successive-approximation-model,Category,Successive Approximation Model
cat-supervision,Category,Supervision
cat-supply-chain-management,Category,Supply Chain Management
cat-surface-water,Category,Surface Water
cat-surgical-procedures,Category,Surgical Procedures
cat-suspension-vehicle,Category,Suspension (Vehicle)
cat-suspicious-activity-report,Category,Suspicious Activity Report
cat-sustainability,Category,Sustainability
cat-system-administration,Category,System Administration
cat-system-monitoring,Category,System Monitoring
cat-systems-analysis,Category,Systems Analysis
cat-systems-architecture,Category,Systems Architecture
cat-systems-design,Category,Systems Design
cat-systems-development-life-cycle,Category,Systems Development Life Cycle
cat-systems-engineering,Category,Systems Engineering
cat-systems-integration,Category,Systems Integration
cat-systems-thinking,Category,Systems Thinking
cat-talent-acquisition,Category,Talent Acquisition
cat-talent-management,Category,Talent Management
cat-target-audience,Category,Target Audience
cat-task-analysis,Category,Task Analysis
cat-task-centered-practice,Category,Task Centered Practice
cat-tax-accounting,Category,Tax Accounting
cat-tax-advisory,Category,Tax Advisory
cat-tax-analysis,Category,Tax Analysis
cat-tax-auditing,Category,Tax Auditing
cat-tax-compliance,Category,Tax Compliance
cat-tax-laws,Category,Tax Laws
cat-tax-planning,Category,Tax Planning
cat-tax-preparation,Category,Tax Preparation
cat-tax-research,Category,Tax Research
cat-tcp-ip,Category,TCP/IP
cat-teaching,Category,Teaching
cat-team-building,Category,Team Building
cat-team-leadership,Category,Team Leadership
cat-team-management,Category,Team Management
cat-teamwork,Category,Teamwork
cat-technical-communication,Category,Technical Communication
cat-technical-documentation,Category,Technical Documentation
cat-technical-support,Category,Technical Support
cat-technical-training,Category,Technical Training
cat-technical-writing,Category,Technical Writing
cat-technological-literacy,Category,Technological Literacy
cat-technology-ethics,Category,Technology Ethics
cat-technology-management,Category,Technology Management
cat-telecommunications,Category,Telecommunications
cat-terminal-access-controller-access-control-system-tacacs,Category,Terminal Access Controller Access-Control System (TACACS)
cat-test-equipment,Category,Test Equipment
cat-test-management,Category,Test Management
cat-test-planning,Category,Test Planning
cat-testimony,Category,Testimony
cat-therapeutic-interventions,Category,Therapeutic Interventions
cat-third-party-insurance-reimbursement,Category,Third-Party Insurance Reimbursement
cat-thought-leadership,Category,Thought Leadership
cat-threat-assessment,Category,Threat Assessment
cat-threat-management,Category,Threat Management
cat-time-management,Category,Time Management
cat-time-series-analysis,Category,Time-series Analysis
cat-timelines,Category,Timelines
cat-tooling,Category,Tooling
cat-tort-law,Category,Tort Law
cat-toxicology,Category,Toxicology
cat-traffic-flow,Category,Traffic Flow
cat-traffic-regulations,Category,Traffic Regulations
cat-training-and-development,Category,Training & Development
cat-training-and-develpoment,Category,Training and Develpoment
cat-transact-sql,Category,Transact-SQL
cat-transcribing,Category,Transcribing
cat-trauma-care,Category,Trauma Care
cat-trauma-informed-approaches,Category,Trauma-Informed Approaches
cat-treatment-planning,Category,Treatment Planning
cat-trigonometry,Category,Trigonometry
cat-troubleshooting-problem-solving,Category,Troubleshooting (Problem Solving)
cat-trustworthiness,Category,Trustworthiness
cat-unit-testing,Category,Unit Testing
cat-universal-design-for-learning,Category,Universal Design for Learning
cat-unix,Category,Unix
cat-use-of-force,Category,Use of Force
cat-user-centered-design,Category,User-Centered Design
cat-user-experience-ux-design,Category,User Experience (UX) Design
cat-user-interface,Category,User Interface
cat-user-research,Category,User Research
cat-utilization-management,Category,Utilization management
cat-variance-analysis,Category,Variance Analysis
cat-vendor-management,Category,Vendor Management
cat-verbal-communication-skills,Category,Verbal Communication Skills
cat-version-control,Category,Version Control
cat-virtual-computing,Category,Virtual Computing
cat-virtual-private-networks-vpn,Category,Virtual Private Networks (VPN)
cat-visual-communications,Category,Visual Communications
cat-visual-design,Category,Visual Design
cat-visual-literacy,Category,Visual Literacy
cat-visual-storytelling,Category,Visual Storytelling
cat-visualization,Category,Visualization
cat-vocational-guidance,Category,Vocational Guidance
cat-vulnerability,Category,Vulnerability
cat-vulnerability-assessments,Category,Vulnerability Assessments
cat-warehouse-management,Category,Warehouse Management
cat-warehouse-management-systems,Category,Warehouse Management Systems
cat-water-treatment,Category,Water Treatment
cat-wealth-management,Category,Wealth Management
cat-weapons-training,Category,Weapons Training
cat-web-analytics,Category,Web Analytics
cat-web-application-security,Category,Web Application Security
cat-web-development,Category,Web Development
cat-web-services,Category,Web Services
cat-welding,Category,Welding
cat-welfare,Category,Welfare
cat-wide-area-networks,Category,Wide Area Networks
cat-wireless-network-security,Category,Wireless Network Security
cat-wireless-networks,Category,Wireless Networks
cat-workflow-management,Category,Workflow Management
cat-workforce-management,Category,Workforce Management
cat-workforce-planning,Category,Workforce Planning
cat-workplace-safety,Category,Workplace Safety
cat-writing,Category,Writing
cat-written-communication,Category,Written Communication
