:START_ID,:END_ID,:TYPE
bls-11-1010,bls-11-0000,PART_OF
bls-11-1010,bls-11-1000,PART_OF
bls-11-1011,bls-11-0000,PART_OF
bls-11-1011,bls-11-1000,PART_OF
bls-11-1011,bls-11-1010,PART_OF
bls-11-1011.00,bls-11-0000,PART_OF
bls-11-1011.00,bls-11-1000,PART_OF
bls-11-1011.00,bls-11-1010,PART_OF
bls-11-1011.00,bls-11-1011,PART_OF
bls-11-1020,bls-11-0000,PART_OF
bls-11-1020,bls-11-1000,PART_OF
bls-11-1021,bls-11-0000,PART_OF
bls-11-1021,bls-11-1000,PART_OF
bls-11-1021,bls-11-1020,PART_OF
bls-11-1021.00,bls-11-0000,PART_OF
bls-11-1021.00,bls-11-1000,PART_OF
bls-11-1021.00,bls-11-1020,PART_OF
bls-11-1021.00,bls-11-1021,PART_OF
bls-11-2000,bls-11-0000,PART_OF
bls-11-2010,bls-11-0000,PART_OF
bls-11-2010,bls-11-2000,PART_OF
bls-11-2011,bls-11-0000,PART_OF
bls-11-2011,bls-11-2000,PART_OF
bls-11-2011,bls-11-2010,PART_OF
bls-11-2011.00,bls-11-0000,PART_OF
bls-11-2011.00,bls-11-2000,PART_OF
bls-11-2011.00,bls-11-2010,PART_OF
bls-11-2011.00,bls-11-2011,PART_OF
bls-11-2020,bls-11-0000,PART_OF
bls-11-2020,bls-11-2000,PART_OF
bls-11-2021,bls-11-0000,PART_OF
bls-11-2021,bls-11-2000,PART_OF
bls-11-2021,bls-11-2020,PART_OF
bls-11-2021.00,bls-11-0000,PART_OF
bls-11-2021.00,bls-11-2000,PART_OF
bls-11-2021.00,bls-11-2020,PART_OF
bls-11-2021.00,bls-11-2021,PART_OF
bls-11-2022,bls-11-0000,PART_OF
bls-11-2022,bls-11-2000,PART_OF
bls-11-2022,bls-11-2020,PART_OF
bls-11-2022.00,bls-11-0000,PART_OF
bls-11-2022.00,bls-11-2000,PART_OF
bls-11-2022.00,bls-11-2020,PART_OF
bls-11-2022.00,bls-11-2022,PART_OF
bls-11-2030,bls-11-0000,PART_OF
bls-11-2030,bls-11-2000,PART_OF
bls-11-2032,bls-11-0000,PART_OF
bls-11-2032,bls-11-2000,PART_OF
bls-11-2032,bls-11-2030,PART_OF
bls-11-2033,bls-11-0000,PART_OF
bls-11-2033,bls-11-2000,PART_OF
bls-11-2033,bls-11-2030,PART_OF
bls-11-3010,bls-11-0000,PART_OF
bls-11-3010,bls-11-3000,PART_OF
bls-11-3012,bls-11-0000,PART_OF
bls-11-3012,bls-11-3000,PART_OF
bls-11-3012,bls-11-3010,PART_OF
bls-11-3012.00,bls-11-0000,PART_OF
bls-11-3012.00,bls-11-3000,PART_OF
bls-11-3012.00,bls-11-3010,PART_OF
bls-11-3012.00,bls-11-3012,PART_OF
bls-11-3013,bls-11-0000,PART_OF
bls-11-3013,bls-11-3000,PART_OF
bls-11-3013,bls-11-3010,PART_OF
bls-11-3020,bls-11-0000,PART_OF
bls-11-3020,bls-11-3000,PART_OF
bls-11-3021,bls-11-0000,PART_OF
bls-11-3021,bls-11-3000,PART_OF
bls-11-3021,bls-11-3020,PART_OF
bls-11-3021.00,bls-11-0000,PART_OF
bls-11-3021.00,bls-11-3000,PART_OF
bls-11-3021.00,bls-11-3020,PART_OF
bls-11-3021.00,bls-11-3021,PART_OF
bls-11-3030,bls-11-0000,PART_OF
bls-11-3030,bls-11-3000,PART_OF
bls-11-3031,bls-11-0000,PART_OF
bls-11-3031,bls-11-3000,PART_OF
bls-11-3031,bls-11-3030,PART_OF
bls-11-3031.00,bls-11-0000,PART_OF
bls-11-3031.00,bls-11-3000,PART_OF
bls-11-3031.00,bls-11-3030,PART_OF
bls-11-3031.00,bls-11-3031,PART_OF
bls-11-3031.02,bls-11-0000,PART_OF
bls-11-3031.02,bls-11-3000,PART_OF
bls-11-3050,bls-11-0000,PART_OF
bls-11-3050,bls-11-3000,PART_OF
bls-11-3051,bls-11-0000,PART_OF
bls-11-3051,bls-11-3000,PART_OF
bls-11-3051,bls-11-3050,PART_OF
bls-11-3051.00,bls-11-0000,PART_OF
bls-11-3051.00,bls-11-3000,PART_OF
bls-11-3051.00,bls-11-3050,PART_OF
bls-11-3051.00,bls-11-3051,PART_OF
bls-11-3060,bls-11-0000,PART_OF
bls-11-3060,bls-11-3000,PART_OF
bls-11-3061,bls-11-0000,PART_OF
bls-11-3061,bls-11-3000,PART_OF
bls-11-3061,bls-11-3060,PART_OF
bls-11-3070,bls-11-0000,PART_OF
bls-11-3070,bls-11-3000,PART_OF
bls-11-3071,bls-11-0000,PART_OF
bls-11-3071,bls-11-3000,PART_OF
bls-11-3071,bls-11-3070,PART_OF
bls-11-3071.00,bls-11-0000,PART_OF
bls-11-3071.00,bls-11-3000,PART_OF
bls-11-3071.00,bls-11-3070,PART_OF
bls-11-3071.00,bls-11-3071,PART_OF
bls-11-3071.03,bls-11-0000,PART_OF
bls-11-3071.03,bls-11-3000,PART_OF
bls-11-3071.04,bls-11-0000,PART_OF
bls-11-3071.04,bls-11-3000,PART_OF
bls-11-3071.04,bls-11-3070,PART_OF
bls-11-3071.04,bls-11-3071,PART_OF
bls-11-3110,bls-11-0000,PART_OF
bls-11-3110,bls-11-3000,PART_OF
bls-11-3111,bls-11-0000,PART_OF
bls-11-3111,bls-11-3000,PART_OF
bls-11-3111,bls-11-3110,PART_OF
bls-11-3111.00,bls-11-0000,PART_OF
bls-11-3111.00,bls-11-3000,PART_OF
bls-11-3111.00,bls-11-3110,PART_OF
bls-11-3111.00,bls-11-3111,PART_OF
bls-11-3120,bls-11-0000,PART_OF
bls-11-3120,bls-11-3000,PART_OF
bls-11-3121,bls-11-0000,PART_OF
bls-11-3121,bls-11-3000,PART_OF
bls-11-3121,bls-11-3120,PART_OF
bls-11-3121.00,bls-11-0000,PART_OF
bls-11-3121.00,bls-11-3000,PART_OF
bls-11-3121.00,bls-11-3120,PART_OF
bls-11-3121.00,bls-11-3121,PART_OF
bls-11-3130,bls-11-0000,PART_OF
bls-11-3130,bls-11-3000,PART_OF
bls-11-3131,bls-11-0000,PART_OF
bls-11-3131,bls-11-3000,PART_OF
bls-11-3131,bls-11-3130,PART_OF
bls-11-3131.00,bls-11-0000,PART_OF
bls-11-3131.00,bls-11-3000,PART_OF
bls-11-3131.00,bls-11-3130,PART_OF
bls-11-3131.00,bls-11-3131,PART_OF
bls-11-9010,bls-11-0000,PART_OF
bls-11-9010,bls-11-9000,PART_OF
bls-11-9020,bls-11-0000,PART_OF
bls-11-9020,bls-11-9000,PART_OF
bls-11-9021,bls-11-0000,PART_OF
bls-11-9021,bls-11-9000,PART_OF
bls-11-9021,bls-11-9020,PART_OF
bls-11-9021.00,bls-11-0000,PART_OF
bls-11-9021.00,bls-11-9000,PART_OF
bls-11-9021.00,bls-11-9020,PART_OF
bls-11-9021.00,bls-11-9021,PART_OF
bls-11-9030,bls-11-0000,PART_OF
bls-11-9030,bls-11-9000,PART_OF
bls-11-9031,bls-11-0000,PART_OF
bls-11-9031,bls-11-9000,PART_OF
bls-11-9031,bls-11-9030,PART_OF
bls-11-9032,bls-11-0000,PART_OF
bls-11-9032,bls-11-9000,PART_OF
bls-11-9032,bls-11-9030,PART_OF
bls-11-9033,bls-11-0000,PART_OF
bls-11-9033,bls-11-9000,PART_OF
bls-11-9033,bls-11-9030,PART_OF
bls-11-9039,bls-11-0000,PART_OF
bls-11-9039,bls-11-9000,PART_OF
bls-11-9039,bls-11-9030,PART_OF
bls-11-9110,bls-11-0000,PART_OF
bls-11-9110,bls-11-9000,PART_OF
bls-11-9111,bls-11-0000,PART_OF
bls-11-9111,bls-11-9000,PART_OF
bls-11-9111,bls-11-9110,PART_OF
bls-11-9150,bls-11-0000,PART_OF
bls-11-9150,bls-11-9000,PART_OF
bls-11-9151,bls-11-0000,PART_OF
bls-11-9151,bls-11-9000,PART_OF
bls-11-9151,bls-11-9150,PART_OF
bls-11-9151.00,bls-11-0000,PART_OF
bls-11-9151.00,bls-11-9000,PART_OF
bls-11-9151.00,bls-11-9150,PART_OF
bls-11-9151.00,bls-11-9151,PART_OF
bls-11-9190,bls-11-0000,PART_OF
bls-11-9190,bls-11-9000,PART_OF
bls-11-9198,bls-11-0000,PART_OF
bls-11-9198,bls-11-9000,PART_OF
bls-11-9198,bls-11-9190,PART_OF
bls-11-9199,bls-11-0000,PART_OF
bls-11-9199,bls-11-9000,PART_OF
bls-11-9199,bls-11-9190,PART_OF
bls-11-9199.00,bls-11-0000,PART_OF
bls-11-9199.00,bls-11-9000,PART_OF
bls-11-9199.00,bls-11-9190,PART_OF
bls-11-9199.00,bls-11-9199,PART_OF
bls-11-9199.02,bls-11-0000,PART_OF
bls-11-9199.02,bls-11-9000,PART_OF
bls-11-9199.02,bls-11-9190,PART_OF
bls-11-9199.02,bls-11-9199,PART_OF
bls-13-1000,bls-13-0000,PART_OF
bls-13-1010,bls-13-0000,PART_OF
bls-13-1010,bls-13-1000,PART_OF
bls-13-1011,bls-13-0000,PART_OF
bls-13-1011,bls-13-1000,PART_OF
bls-13-1011,bls-13-1010,PART_OF
bls-13-1011.00,bls-13-0000,PART_OF
bls-13-1011.00,bls-13-1000,PART_OF
bls-13-1011.00,bls-13-1010,PART_OF
bls-13-1011.00,bls-13-1011,PART_OF
bls-13-1020,bls-13-0000,PART_OF
bls-13-1020,bls-13-1000,PART_OF
bls-13-1021,bls-13-0000,PART_OF
bls-13-1021,bls-13-1000,PART_OF
bls-13-1021,bls-13-1020,PART_OF
bls-13-1021.00,bls-13-0000,PART_OF
bls-13-1021.00,bls-13-1000,PART_OF
bls-13-1021.00,bls-13-1020,PART_OF
bls-13-1021.00,bls-13-1021,PART_OF
bls-13-1022,bls-13-0000,PART_OF
bls-13-1022,bls-13-1000,PART_OF
bls-13-1022,bls-13-1020,PART_OF
bls-13-1022.00,bls-13-0000,PART_OF
bls-13-1022.00,bls-13-1000,PART_OF
bls-13-1022.00,bls-13-1020,PART_OF
bls-13-1022.00,bls-13-1022,PART_OF
bls-13-1023,bls-13-0000,PART_OF
bls-13-1023,bls-13-1000,PART_OF
bls-13-1023,bls-13-1020,PART_OF
bls-13-1023.00,bls-13-0000,PART_OF
bls-13-1023.00,bls-13-1000,PART_OF
bls-13-1023.00,bls-13-1020,PART_OF
bls-13-1023.00,bls-13-1023,PART_OF
bls-13-1050,bls-13-0000,PART_OF
bls-13-1050,bls-13-1000,PART_OF
bls-13-1051,bls-13-0000,PART_OF
bls-13-1051,bls-13-1000,PART_OF
bls-13-1051,bls-13-1050,PART_OF
bls-13-1051.00,bls-13-0000,PART_OF
bls-13-1051.00,bls-13-1000,PART_OF
bls-13-1051.00,bls-13-1050,PART_OF
bls-13-1051.00,bls-13-1051,PART_OF
bls-13-1070,bls-13-0000,PART_OF
bls-13-1070,bls-13-1000,PART_OF
bls-13-1071,bls-13-0000,PART_OF
bls-13-1071,bls-13-1000,PART_OF
bls-13-1071,bls-13-1070,PART_OF
bls-13-1071.00,bls-13-0000,PART_OF
bls-13-1071.00,bls-13-1000,PART_OF
bls-13-1071.00,bls-13-1070,PART_OF
bls-13-1071.00,bls-13-1071,PART_OF
bls-13-1074,bls-13-0000,PART_OF
bls-13-1074,bls-13-1000,PART_OF
bls-13-1074,bls-13-1070,PART_OF
bls-13-1075,bls-13-0000,PART_OF
bls-13-1075,bls-13-1000,PART_OF
bls-13-1075,bls-13-1070,PART_OF
bls-13-1075.00,bls-13-0000,PART_OF
bls-13-1075.00,bls-13-1000,PART_OF
bls-13-1075.00,bls-13-1070,PART_OF
bls-13-1075.00,bls-13-1075,PART_OF
bls-13-1080,bls-13-0000,PART_OF
bls-13-1080,bls-13-1000,PART_OF
bls-13-1081,bls-13-0000,PART_OF
bls-13-1081,bls-13-1000,PART_OF
bls-13-1081,bls-13-1080,PART_OF
bls-13-1081.00,bls-13-0000,PART_OF
bls-13-1081.00,bls-13-1000,PART_OF
bls-13-1081.00,bls-13-1080,PART_OF
bls-13-1081.00,bls-13-1081,PART_OF
bls-13-1082,bls-13-0000,PART_OF
bls-13-1082,bls-13-1000,PART_OF
bls-13-1082,bls-13-1080,PART_OF
bls-13-1082.00,bls-13-0000,PART_OF
bls-13-1082.00,bls-13-1000,PART_OF
bls-13-1082.00,bls-13-1080,PART_OF
bls-13-1082.00,bls-13-1082,PART_OF
bls-13-1110,bls-13-0000,PART_OF
bls-13-1110,bls-13-1000,PART_OF
bls-13-1111,bls-13-0000,PART_OF
bls-13-1111,bls-13-1000,PART_OF
bls-13-1111,bls-13-1110,PART_OF
bls-13-1111.00,bls-13-0000,PART_OF
bls-13-1111.00,bls-13-1000,PART_OF
bls-13-1111.00,bls-13-1110,PART_OF
bls-13-1111.00,bls-13-1111,PART_OF
bls-13-1140,bls-13-0000,PART_OF
bls-13-1140,bls-13-1000,PART_OF
bls-13-1141,bls-13-0000,PART_OF
bls-13-1141,bls-13-1000,PART_OF
bls-13-1141,bls-13-1140,PART_OF
bls-13-1141.00,bls-13-0000,PART_OF
bls-13-1141.00,bls-13-1000,PART_OF
bls-13-1141.00,bls-13-1140,PART_OF
bls-13-1141.00,bls-13-1141,PART_OF
bls-13-1150,bls-13-0000,PART_OF
bls-13-1150,bls-13-1000,PART_OF
bls-13-1151,bls-13-0000,PART_OF
bls-13-1151,bls-13-1000,PART_OF
bls-13-1151,bls-13-1150,PART_OF
bls-13-1151.00,bls-13-0000,PART_OF
bls-13-1151.00,bls-13-1000,PART_OF
bls-13-1151.00,bls-13-1150,PART_OF
bls-13-1151.00,bls-13-1151,PART_OF
bls-13-1160,bls-13-0000,PART_OF
bls-13-1160,bls-13-1000,PART_OF
bls-13-1161,bls-13-0000,PART_OF
bls-13-1161,bls-13-1000,PART_OF
bls-13-1161,bls-13-1160,PART_OF
bls-13-1161.00,bls-13-0000,PART_OF
bls-13-1161.00,bls-13-1000,PART_OF
bls-13-1161.00,bls-13-1160,PART_OF
bls-13-1161.00,bls-13-1161,PART_OF
bls-13-1190,bls-13-0000,PART_OF
bls-13-1190,bls-13-1000,PART_OF
bls-13-1191,bls-13-0000,PART_OF
bls-13-1191,bls-13-1000,PART_OF
bls-13-1198,bls-13-0000,PART_OF
bls-13-1198,bls-13-1000,PART_OF
bls-13-1198,bls-13-1190,PART_OF
bls-13-1199,bls-13-0000,PART_OF
bls-13-1199,bls-13-1000,PART_OF
bls-13-1199,bls-13-1190,PART_OF
bls-13-2010,bls-13-0000,PART_OF
bls-13-2010,bls-13-2000,PART_OF
bls-13-2011,bls-13-0000,PART_OF
bls-13-2011,bls-13-2000,PART_OF
bls-13-2011,bls-13-2010,PART_OF
bls-13-2011.00,bls-13-0000,PART_OF
bls-13-2011.00,bls-13-2000,PART_OF
bls-13-2011.00,bls-13-2010,PART_OF
bls-13-2011.00,bls-13-2011,PART_OF
bls-13-2011.01,bls-13-0000,PART_OF
bls-13-2011.01,bls-13-2000,PART_OF
bls-13-2011.01,bls-13-2010,PART_OF
bls-13-2011.01,bls-13-2011,PART_OF
bls-13-2011.02,bls-13-0000,PART_OF
bls-13-2011.02,bls-13-2000,PART_OF
bls-13-2011.02,bls-13-2010,PART_OF
bls-13-2011.02,bls-13-2011,PART_OF
bls-13-2030,bls-13-0000,PART_OF
bls-13-2030,bls-13-2000,PART_OF
bls-13-2031,bls-13-0000,PART_OF
bls-13-2031,bls-13-2000,PART_OF
bls-13-2031,bls-13-2030,PART_OF
bls-13-2031.00,bls-13-0000,PART_OF
bls-13-2031.00,bls-13-2000,PART_OF
bls-13-2031.00,bls-13-2030,PART_OF
bls-13-2031.00,bls-13-2031,PART_OF
bls-13-2040,bls-13-0000,PART_OF
bls-13-2040,bls-13-2000,PART_OF
bls-13-2041,bls-13-0000,PART_OF
bls-13-2041,bls-13-2000,PART_OF
bls-13-2041,bls-13-2040,PART_OF
bls-13-2041.00,bls-13-0000,PART_OF
bls-13-2041.00,bls-13-2000,PART_OF
bls-13-2041.00,bls-13-2040,PART_OF
bls-13-2041.00,bls-13-2041,PART_OF
bls-13-2050,bls-13-0000,PART_OF
bls-13-2050,bls-13-2000,PART_OF
bls-13-2051,bls-13-0000,PART_OF
bls-13-2051,bls-13-2000,PART_OF
bls-13-2051,bls-13-2050,PART_OF
bls-13-2051.00,bls-13-0000,PART_OF
bls-13-2051.00,bls-13-2000,PART_OF
bls-13-2051.00,bls-13-2050,PART_OF
bls-13-2051.00,bls-13-2051,PART_OF
bls-13-2052,bls-13-0000,PART_OF
bls-13-2052,bls-13-2000,PART_OF
bls-13-2052,bls-13-2050,PART_OF
bls-13-2053,bls-13-0000,PART_OF
bls-13-2053,bls-13-2000,PART_OF
bls-13-2053,bls-13-2050,PART_OF
bls-13-2054,bls-13-0000,PART_OF
bls-13-2054,bls-13-2000,PART_OF
bls-13-2054,bls-13-2050,PART_OF
bls-13-2054.00,bls-13-0000,PART_OF
bls-13-2054.00,bls-13-2000,PART_OF
bls-13-2054.00,bls-13-2050,PART_OF
bls-13-2054.00,bls-13-2054,PART_OF
bls-13-2060,bls-13-0000,PART_OF
bls-13-2060,bls-13-2000,PART_OF
bls-13-2061,bls-13-0000,PART_OF
bls-13-2061,bls-13-2000,PART_OF
bls-13-2061,bls-13-2060,PART_OF
bls-13-2061.00,bls-13-0000,PART_OF
bls-13-2061.00,bls-13-2000,PART_OF
bls-13-2061.00,bls-13-2060,PART_OF
bls-13-2061.00,bls-13-2061,PART_OF
bls-13-2080,bls-13-0000,PART_OF
bls-13-2080,bls-13-2000,PART_OF
bls-13-2081,bls-13-0000,PART_OF
bls-13-2081,bls-13-2000,PART_OF
bls-13-2081,bls-13-2080,PART_OF
bls-13-2081.00,bls-13-0000,PART_OF
bls-13-2081.00,bls-13-2000,PART_OF
bls-13-2081.00,bls-13-2080,PART_OF
bls-13-2081.00,bls-13-2081,PART_OF
bls-13-2082,bls-13-0000,PART_OF
bls-13-2082,bls-13-2000,PART_OF
bls-13-2082,bls-13-2080,PART_OF
bls-13-2099,bls-13-0000,PART_OF
bls-13-2099,bls-13-2000,PART_OF
bls-13-2099,bls-13-2090,PART_OF
bls-13-2099.00,bls-13-0000,PART_OF
bls-13-2099.00,bls-13-2000,PART_OF
bls-13-2099.00,bls-13-2090,PART_OF
bls-13-2099.00,bls-13-2099,PART_OF
bls-15-1121.00,bls-15-0000,PART_OF
bls-15-1121.00,bls-15-1000,PART_OF
bls-15-1121.01,bls-15-0000,PART_OF
bls-15-1121.01,bls-15-1000,PART_OF
bls-15-1122,bls-15-0000,PART_OF
bls-15-1122,bls-15-1000,PART_OF
bls-15-1122.00,bls-15-0000,PART_OF
bls-15-1122.00,bls-15-1000,PART_OF
bls-15-1141.00,bls-15-0000,PART_OF
bls-15-1141.00,bls-15-1000,PART_OF
bls-15-1142.00,bls-15-0000,PART_OF
bls-15-1142.00,bls-15-1000,PART_OF
bls-15-1143.00,bls-15-0000,PART_OF
bls-15-1143.00,bls-15-1000,PART_OF
bls-15-1143.01,bls-15-0000,PART_OF
bls-15-1143.01,bls-15-1000,PART_OF
bls-15-1151.00,bls-15-0000,PART_OF
bls-15-1151.00,bls-15-1000,PART_OF
bls-15-1152.00,bls-15-0000,PART_OF
bls-15-1152.00,bls-15-1000,PART_OF
bls-15-1200,bls-15-0000,PART_OF
bls-15-1210,bls-15-0000,PART_OF
bls-15-1210,bls-15-1200,PART_OF
bls-15-1211,bls-15-0000,PART_OF
bls-15-1211,bls-15-1200,PART_OF
bls-15-1211,bls-15-1210,PART_OF
bls-15-1212,bls-15-0000,PART_OF
bls-15-1212,bls-15-1200,PART_OF
bls-15-1212,bls-15-1210,PART_OF
bls-15-1220,bls-15-0000,PART_OF
bls-15-1220,bls-15-1200,PART_OF
bls-15-1221,bls-15-0000,PART_OF
bls-15-1221,bls-15-1200,PART_OF
bls-15-1221,bls-15-1220,PART_OF
bls-15-1221.00,bls-15-0000,PART_OF
bls-15-1221.00,bls-15-1200,PART_OF
bls-15-1221.00,bls-15-1220,PART_OF
bls-15-1221.00,bls-15-1221,PART_OF
bls-15-1230,bls-15-0000,PART_OF
bls-15-1230,bls-15-1200,PART_OF
bls-15-1231,bls-15-0000,PART_OF
bls-15-1231,bls-15-1200,PART_OF
bls-15-1231,bls-15-1230,PART_OF
bls-15-1232,bls-15-0000,PART_OF
bls-15-1232,bls-15-1200,PART_OF
bls-15-1232,bls-15-1230,PART_OF
bls-15-1240,bls-15-0000,PART_OF
bls-15-1240,bls-15-1200,PART_OF
bls-15-1241,bls-15-0000,PART_OF
bls-15-1241,bls-15-1200,PART_OF
bls-15-1241,bls-15-1240,PART_OF
bls-15-1241.00,bls-15-0000,PART_OF
bls-15-1241.00,bls-15-1200,PART_OF
bls-15-1241.00,bls-15-1240,PART_OF
bls-15-1241.00,bls-15-1241,PART_OF
bls-15-1242,bls-15-0000,PART_OF
bls-15-1242,bls-15-1200,PART_OF
bls-15-1242,bls-15-1240,PART_OF
bls-15-1243,bls-15-0000,PART_OF
bls-15-1243,bls-15-1200,PART_OF
bls-15-1243,bls-15-1240,PART_OF
bls-15-1243.00,bls-15-0000,PART_OF
bls-15-1243.00,bls-15-1200,PART_OF
bls-15-1243.00,bls-15-1240,PART_OF
bls-15-1243.00,bls-15-1243,PART_OF
bls-15-1243.01,bls-15-0000,PART_OF
bls-15-1243.01,bls-15-1200,PART_OF
bls-15-1243.01,bls-15-1240,PART_OF
bls-15-1243.01,bls-15-1243,PART_OF
bls-15-1244,bls-15-0000,PART_OF
bls-15-1244,bls-15-1200,PART_OF
bls-15-1244,bls-15-1240,PART_OF
bls-15-1245,bls-15-0000,PART_OF
bls-15-1245,bls-15-1200,PART_OF
bls-15-1245,bls-15-1240,PART_OF
bls-15-1250,bls-15-0000,PART_OF
bls-15-1250,bls-15-1200,PART_OF
bls-15-1251,bls-15-0000,PART_OF
bls-15-1251,bls-15-1200,PART_OF
bls-15-1251,bls-15-1250,PART_OF
bls-15-1251.00,bls-15-0000,PART_OF
bls-15-1251.00,bls-15-1200,PART_OF
bls-15-1251.00,bls-15-1250,PART_OF
bls-15-1251.00,bls-15-1251,PART_OF
bls-15-1252,bls-15-0000,PART_OF
bls-15-1252,bls-15-1200,PART_OF
bls-15-1252,bls-15-1250,PART_OF
bls-15-1253,bls-15-0000,PART_OF
bls-15-1253,bls-15-1200,PART_OF
bls-15-1253,bls-15-1250,PART_OF
bls-15-1254,bls-15-0000,PART_OF
bls-15-1254,bls-15-1200,PART_OF
bls-15-1254,bls-15-1250,PART_OF
bls-15-1255,bls-15-0000,PART_OF
bls-15-1255,bls-15-1200,PART_OF
bls-15-1255,bls-15-1250,PART_OF
bls-15-1256,bls-15-0000,PART_OF
bls-15-1256,bls-15-1200,PART_OF
bls-15-1256,bls-15-1250,PART_OF
bls-15-1257,bls-15-0000,PART_OF
bls-15-1257,bls-15-1200,PART_OF
bls-15-1257,bls-15-1250,PART_OF
bls-15-1259,bls-15-0000,PART_OF
bls-15-1259,bls-15-1200,PART_OF
bls-15-1290,bls-15-0000,PART_OF
bls-15-1290,bls-15-1200,PART_OF
bls-15-1299,bls-15-0000,PART_OF
bls-15-1299,bls-15-1200,PART_OF
bls-15-1299,bls-15-1290,PART_OF
bls-15-1299.08,bls-15-0000,PART_OF
bls-15-1299.08,bls-15-1200,PART_OF
bls-15-1299.08,bls-15-1290,PART_OF
bls-15-1299.08,bls-15-1299,PART_OF
bls-15-2021,bls-15-0000,PART_OF
bls-15-2021,bls-15-2000,PART_OF
bls-15-2021,bls-15-2020,PART_OF
bls-15-2030,bls-15-0000,PART_OF
bls-15-2030,bls-15-2000,PART_OF
bls-15-2031,bls-15-0000,PART_OF
bls-15-2031,bls-15-2000,PART_OF
bls-15-2031,bls-15-2030,PART_OF
bls-15-2031.00,bls-15-0000,PART_OF
bls-15-2031.00,bls-15-2000,PART_OF
bls-15-2031.00,bls-15-2030,PART_OF
bls-15-2031.00,bls-15-2031,PART_OF
bls-15-2040,bls-15-0000,PART_OF
bls-15-2040,bls-15-2000,PART_OF
bls-15-2041,bls-15-0000,PART_OF
bls-15-2041,bls-15-2000,PART_OF
bls-15-2041,bls-15-2040,PART_OF
bls-15-2041.00,bls-15-0000,PART_OF
bls-15-2041.00,bls-15-2000,PART_OF
bls-15-2041.00,bls-15-2040,PART_OF
bls-15-2041.00,bls-15-2041,PART_OF
bls-15-2050,bls-15-0000,PART_OF
bls-15-2050,bls-15-2000,PART_OF
bls-15-2051,bls-15-0000,PART_OF
bls-15-2051,bls-15-2000,PART_OF
bls-15-2051,bls-15-2050,PART_OF
bls-15-2090,bls-15-0000,PART_OF
bls-15-2090,bls-15-2000,PART_OF
bls-17-2080,bls-17-0000,PART_OF
bls-17-2080,bls-17-2000,PART_OF
bls-17-2081,bls-17-0000,PART_OF
bls-17-2081,bls-17-2000,PART_OF
bls-17-2081,bls-17-2080,PART_OF
bls-17-2081.00,bls-17-0000,PART_OF
bls-17-2081.00,bls-17-2000,PART_OF
bls-17-2081.00,bls-17-2080,PART_OF
bls-17-2081.00,bls-17-2081,PART_OF
bls-17-2081.01,bls-17-0000,PART_OF
bls-17-2081.01,bls-17-2000,PART_OF
bls-17-2081.01,bls-17-2080,PART_OF
bls-17-2081.01,bls-17-2081,PART_OF
bls-17-2110,bls-17-0000,PART_OF
bls-17-2110,bls-17-2000,PART_OF
bls-17-2111,bls-17-0000,PART_OF
bls-17-2111,bls-17-2000,PART_OF
bls-17-2111,bls-17-2110,PART_OF
bls-17-2111.00,bls-17-0000,PART_OF
bls-17-2111.00,bls-17-2000,PART_OF
bls-17-2111.00,bls-17-2110,PART_OF
bls-17-2111.00,bls-17-2111,PART_OF
bls-17-2111.01,bls-17-0000,PART_OF
bls-17-2111.01,bls-17-2000,PART_OF
bls-17-2111.01,bls-17-2110,PART_OF
bls-17-2111.01,bls-17-2111,PART_OF
bls-17-2111.02,bls-17-0000,PART_OF
bls-17-2111.02,bls-17-2000,PART_OF
bls-17-2111.02,bls-17-2110,PART_OF
bls-17-2111.02,bls-17-2111,PART_OF
bls-17-2111.03,bls-17-0000,PART_OF
bls-17-2111.03,bls-17-2000,PART_OF
bls-17-2111.03,bls-17-2110,PART_OF
bls-17-2111.03,bls-17-2111,PART_OF
bls-17-2112,bls-17-0000,PART_OF
bls-17-2112,bls-17-2000,PART_OF
bls-17-2112,bls-17-2110,PART_OF
bls-17-2112.00,bls-17-0000,PART_OF
bls-17-2112.00,bls-17-2000,PART_OF
bls-17-2112.00,bls-17-2110,PART_OF
bls-17-2112.00,bls-17-2112,PART_OF
bls-17-2112.01,bls-17-0000,PART_OF
bls-17-2112.01,bls-17-2000,PART_OF
bls-17-2112.01,bls-17-2110,PART_OF
bls-17-2112.01,bls-17-2112,PART_OF
bls-17-2190,bls-17-0000,PART_OF
bls-17-2190,bls-17-2000,PART_OF
bls-17-2199,bls-17-0000,PART_OF
bls-17-2199,bls-17-2000,PART_OF
bls-17-2199,bls-17-2190,PART_OF
bls-17-2199.00,bls-17-0000,PART_OF
bls-17-2199.00,bls-17-2000,PART_OF
bls-17-2199.00,bls-17-2190,PART_OF
bls-17-2199.00,bls-17-2199,PART_OF
bls-17-2199.01,bls-17-0000,PART_OF
bls-17-2199.01,bls-17-2000,PART_OF
bls-17-2199.01,bls-17-2190,PART_OF
bls-17-2199.01,bls-17-2199,PART_OF
bls-17-2199.02,bls-17-0000,PART_OF
bls-17-2199.02,bls-17-2000,PART_OF
bls-17-2199.02,bls-17-2190,PART_OF
bls-17-2199.02,bls-17-2199,PART_OF
bls-17-2199.03,bls-17-0000,PART_OF
bls-17-2199.03,bls-17-2000,PART_OF
bls-17-2199.03,bls-17-2190,PART_OF
bls-17-2199.03,bls-17-2199,PART_OF
bls-17-2199.04,bls-17-0000,PART_OF
bls-17-2199.04,bls-17-2000,PART_OF
bls-17-2199.04,bls-17-2190,PART_OF
bls-17-2199.04,bls-17-2199,PART_OF
bls-17-2199.05,bls-17-0000,PART_OF
bls-17-2199.05,bls-17-2000,PART_OF
bls-17-2199.05,bls-17-2190,PART_OF
bls-17-2199.05,bls-17-2199,PART_OF
bls-17-2199.06,bls-17-0000,PART_OF
bls-17-2199.06,bls-17-2000,PART_OF
bls-17-2199.06,bls-17-2190,PART_OF
bls-17-2199.06,bls-17-2199,PART_OF
bls-17-2199.07,bls-17-0000,PART_OF
bls-17-2199.07,bls-17-2000,PART_OF
bls-17-2199.07,bls-17-2190,PART_OF
bls-17-2199.07,bls-17-2199,PART_OF
bls-17-2199.08,bls-17-0000,PART_OF
bls-17-2199.08,bls-17-2000,PART_OF
bls-17-2199.08,bls-17-2190,PART_OF
bls-17-2199.08,bls-17-2199,PART_OF
bls-17-2199.09,bls-17-0000,PART_OF
bls-17-2199.09,bls-17-2000,PART_OF
bls-17-2199.09,bls-17-2190,PART_OF
bls-17-2199.09,bls-17-2199,PART_OF
bls-17-2199.10,bls-17-0000,PART_OF
bls-17-2199.10,bls-17-2000,PART_OF
bls-17-2199.10,bls-17-2190,PART_OF
bls-17-2199.10,bls-17-2199,PART_OF
bls-17-2199.11,bls-17-0000,PART_OF
bls-17-2199.11,bls-17-2000,PART_OF
bls-17-2199.11,bls-17-2190,PART_OF
bls-17-2199.11,bls-17-2199,PART_OF
bls-17-3020,bls-17-0000,PART_OF
bls-17-3020,bls-17-3000,PART_OF
bls-17-3021,bls-17-0000,PART_OF
bls-17-3021,bls-17-3000,PART_OF
bls-17-3021,bls-17-3020,PART_OF
bls-17-3021.00,bls-17-0000,PART_OF
bls-17-3021.00,bls-17-3000,PART_OF
bls-17-3021.00,bls-17-3020,PART_OF
bls-17-3021.00,bls-17-3021,PART_OF
bls-17-3022,bls-17-0000,PART_OF
bls-17-3022,bls-17-3000,PART_OF
bls-17-3022,bls-17-3020,PART_OF
bls-17-3022.00,bls-17-0000,PART_OF
bls-17-3022.00,bls-17-3000,PART_OF
bls-17-3022.00,bls-17-3020,PART_OF
bls-17-3022.00,bls-17-3022,PART_OF
bls-17-3023,bls-17-0000,PART_OF
bls-17-3023,bls-17-3000,PART_OF
bls-17-3023,bls-17-3020,PART_OF
bls-17-3023.00,bls-17-0000,PART_OF
bls-17-3023.00,bls-17-3000,PART_OF
bls-17-3023.00,bls-17-3020,PART_OF
bls-17-3023.00,bls-17-3023,PART_OF
bls-17-3023.01,bls-17-0000,PART_OF
bls-17-3023.01,bls-17-3000,PART_OF
bls-17-3023.01,bls-17-3020,PART_OF
bls-17-3023.01,bls-17-3023,PART_OF
bls-17-3023.03,bls-17-0000,PART_OF
bls-17-3023.03,bls-17-3000,PART_OF
bls-17-3023.03,bls-17-3020,PART_OF
bls-17-3023.03,bls-17-3023,PART_OF
bls-17-3024,bls-17-0000,PART_OF
bls-17-3024,bls-17-3000,PART_OF
bls-17-3024,bls-17-3020,PART_OF
bls-17-3024.00,bls-17-0000,PART_OF
bls-17-3024.00,bls-17-3000,PART_OF
bls-17-3024.00,bls-17-3020,PART_OF
bls-17-3024.00,bls-17-3024,PART_OF
bls-17-3024.01,bls-17-0000,PART_OF
bls-17-3024.01,bls-17-3000,PART_OF
bls-17-3024.01,bls-17-3020,PART_OF
bls-17-3024.01,bls-17-3024,PART_OF
bls-17-3025,bls-17-0000,PART_OF
bls-17-3025,bls-17-3000,PART_OF
bls-17-3025,bls-17-3020,PART_OF
bls-17-3025.00,bls-17-0000,PART_OF
bls-17-3025.00,bls-17-3000,PART_OF
bls-17-3025.00,bls-17-3020,PART_OF
bls-17-3025.00,bls-17-3025,PART_OF
bls-17-3026,bls-17-0000,PART_OF
bls-17-3026,bls-17-3000,PART_OF
bls-17-3026,bls-17-3020,PART_OF
bls-17-3026.00,bls-17-0000,PART_OF
bls-17-3026.00,bls-17-3000,PART_OF
bls-17-3026.00,bls-17-3020,PART_OF
bls-17-3026.00,bls-17-3026,PART_OF
bls-17-3027,bls-17-0000,PART_OF
bls-17-3027,bls-17-3000,PART_OF
bls-17-3027,bls-17-3020,PART_OF
bls-17-3027.00,bls-17-0000,PART_OF
bls-17-3027.00,bls-17-3000,PART_OF
bls-17-3027.00,bls-17-3020,PART_OF
bls-17-3027.00,bls-17-3027,PART_OF
bls-17-3027.01,bls-17-0000,PART_OF
bls-17-3027.01,bls-17-3000,PART_OF
bls-17-3027.01,bls-17-3020,PART_OF
bls-17-3027.01,bls-17-3027,PART_OF
bls-17-3028,bls-17-0000,PART_OF
bls-17-3028,bls-17-3000,PART_OF
bls-17-3028,bls-17-3020,PART_OF
bls-17-3029,bls-17-0000,PART_OF
bls-17-3029,bls-17-3000,PART_OF
bls-17-3029,bls-17-3020,PART_OF
bls-17-3029.00,bls-17-0000,PART_OF
bls-17-3029.00,bls-17-3000,PART_OF
bls-17-3029.00,bls-17-3020,PART_OF
bls-17-3029.00,bls-17-3029,PART_OF
bls-17-3029.01,bls-17-0000,PART_OF
bls-17-3029.01,bls-17-3000,PART_OF
bls-17-3029.01,bls-17-3020,PART_OF
bls-17-3029.01,bls-17-3029,PART_OF
bls-17-3029.02,bls-17-0000,PART_OF
bls-17-3029.02,bls-17-3000,PART_OF
bls-17-3029.02,bls-17-3020,PART_OF
bls-17-3029.02,bls-17-3029,PART_OF
bls-17-3029.03,bls-17-0000,PART_OF
bls-17-3029.03,bls-17-3000,PART_OF
bls-17-3029.03,bls-17-3020,PART_OF
bls-17-3029.03,bls-17-3029,PART_OF
bls-17-3029.04,bls-17-0000,PART_OF
bls-17-3029.04,bls-17-3000,PART_OF
bls-17-3029.04,bls-17-3020,PART_OF
bls-17-3029.04,bls-17-3029,PART_OF
bls-17-3029.05,bls-17-0000,PART_OF
bls-17-3029.05,bls-17-3000,PART_OF
bls-17-3029.05,bls-17-3020,PART_OF
bls-17-3029.05,bls-17-3029,PART_OF
bls-17-3029.06,bls-17-0000,PART_OF
bls-17-3029.06,bls-17-3000,PART_OF
bls-17-3029.06,bls-17-3020,PART_OF
bls-17-3029.06,bls-17-3029,PART_OF
bls-17-3029.07,bls-17-0000,PART_OF
bls-17-3029.07,bls-17-3000,PART_OF
bls-17-3029.07,bls-17-3020,PART_OF
bls-17-3029.07,bls-17-3029,PART_OF
bls-17-3029.08,bls-17-0000,PART_OF
bls-17-3029.08,bls-17-3000,PART_OF
bls-17-3029.08,bls-17-3020,PART_OF
bls-17-3029.08,bls-17-3029,PART_OF
bls-17-3029.09,bls-17-0000,PART_OF
bls-17-3029.09,bls-17-3000,PART_OF
bls-17-3029.09,bls-17-3020,PART_OF
bls-17-3029.09,bls-17-3029,PART_OF
bls-17-3029.10,bls-17-0000,PART_OF
bls-17-3029.10,bls-17-3000,PART_OF
bls-17-3029.10,bls-17-3020,PART_OF
bls-17-3029.10,bls-17-3029,PART_OF
bls-17-3029.11,bls-17-0000,PART_OF
bls-17-3029.11,bls-17-3000,PART_OF
bls-17-3029.11,bls-17-3020,PART_OF
bls-17-3029.11,bls-17-3029,PART_OF
bls-17-3029.12,bls-17-0000,PART_OF
bls-17-3029.12,bls-17-3000,PART_OF
bls-17-3029.12,bls-17-3020,PART_OF
bls-17-3029.12,bls-17-3029,PART_OF
bls-17-3098,bls-17-0000,PART_OF
bls-17-3098,bls-17-3000,PART_OF
bls-19-3010,bls-19-0000,PART_OF
bls-19-3010,bls-19-3000,PART_OF
bls-19-3011,bls-19-0000,PART_OF
bls-19-3011,bls-19-3000,PART_OF
bls-19-3011,bls-19-3010,PART_OF
bls-19-3011.00,bls-19-0000,PART_OF
bls-19-3011.00,bls-19-3000,PART_OF
bls-19-3011.00,bls-19-3010,PART_OF
bls-19-3011.00,bls-19-3011,PART_OF
bls-19-4060,bls-19-0000,PART_OF
bls-19-4060,bls-19-4000,PART_OF
bls-19-4061,bls-19-0000,PART_OF
bls-19-4061,bls-19-4000,PART_OF
bls-19-4061,bls-19-4060,PART_OF
bls-19-4061.00,bls-19-0000,PART_OF
bls-19-4061.00,bls-19-4000,PART_OF
bls-19-4061.00,bls-19-4060,PART_OF
bls-19-4061.00,bls-19-4061,PART_OF
bls-19-4090,bls-19-0000,PART_OF
bls-19-4090,bls-19-4000,PART_OF
bls-19-4092,bls-19-0000,PART_OF
bls-19-4092,bls-19-4000,PART_OF
bls-19-4092,bls-19-4090,PART_OF
bls-1900,bls-1900-0000,PART_OF
bls-21-1000,bls-21-0000,PART_OF
bls-21-1010,bls-21-0000,PART_OF
bls-21-1010,bls-21-1000,PART_OF
bls-21-1012.00,bls-21-0000,PART_OF
bls-21-1012.00,bls-21-1000,PART_OF
bls-21-1012.00,bls-21-1010,PART_OF
bls-21-1012.00,bls-21-1012,PART_OF
bls-21-1015,bls-21-0000,PART_OF
bls-21-1015,bls-21-1000,PART_OF
bls-21-1015,bls-21-1010,PART_OF
bls-21-1018,bls-21-0000,PART_OF
bls-21-1018,bls-21-1000,PART_OF
bls-21-1018,bls-21-1010,PART_OF
bls-21-1020,bls-21-0000,PART_OF
bls-21-1020,bls-21-1000,PART_OF
bls-21-1022,bls-21-0000,PART_OF
bls-21-1022,bls-21-1000,PART_OF
bls-21-1022,bls-21-1020,PART_OF
bls-21-1090,bls-21-0000,PART_OF
bls-21-1090,bls-21-1000,PART_OF
bls-21-1091,bls-21-0000,PART_OF
bls-21-1091,bls-21-1000,PART_OF
bls-21-1091,bls-21-1090,PART_OF
bls-21-1093,bls-21-0000,PART_OF
bls-21-1093,bls-21-1000,PART_OF
bls-21-1093,bls-21-1090,PART_OF
bls-21-1094,bls-21-0000,PART_OF
bls-21-1094,bls-21-1000,PART_OF
bls-21-1094,bls-21-1090,PART_OF
bls-21-1094.00,bls-21-0000,PART_OF
bls-21-1094.00,bls-21-1000,PART_OF
bls-21-1094.00,bls-21-1090,PART_OF
bls-21-1094.00,bls-21-1094,PART_OF
bls-21-1099,bls-21-0000,PART_OF
bls-21-1099,bls-21-1000,PART_OF
bls-21-1099,bls-21-1090,PART_OF
bls-25-1010,bls-25-0000,PART_OF
bls-25-1010,bls-25-1000,PART_OF
bls-25-1011,bls-25-0000,PART_OF
bls-25-1011,bls-25-1000,PART_OF
bls-25-1011,bls-25-1010,PART_OF
bls-25-1011.00,bls-25-0000,PART_OF
bls-25-1011.00,bls-25-1000,PART_OF
bls-25-1011.00,bls-25-1010,PART_OF
bls-25-1011.00,bls-25-1011,PART_OF
bls-25-1020,bls-25-0000,PART_OF
bls-25-1020,bls-25-1000,PART_OF
bls-25-1021,bls-25-0000,PART_OF
bls-25-1021,bls-25-1000,PART_OF
bls-25-1021,bls-25-1020,PART_OF
bls-25-1021.00,bls-25-0000,PART_OF
bls-25-1021.00,bls-25-1000,PART_OF
bls-25-1021.00,bls-25-1020,PART_OF
bls-25-1021.00,bls-25-1021,PART_OF
bls-25-1022,bls-25-0000,PART_OF
bls-25-1022,bls-25-1000,PART_OF
bls-25-1022,bls-25-1020,PART_OF
bls-25-1022.00,bls-25-0000,PART_OF
bls-25-1022.00,bls-25-1000,PART_OF
bls-25-1022.00,bls-25-1020,PART_OF
bls-25-1022.00,bls-25-1022,PART_OF
bls-25-1040,bls-25-0000,PART_OF
bls-25-1040,bls-25-1000,PART_OF
bls-25-1041,bls-25-0000,PART_OF
bls-25-1041,bls-25-1000,PART_OF
bls-25-1041,bls-25-1040,PART_OF
bls-25-1041.00,bls-25-0000,PART_OF
bls-25-1041.00,bls-25-1000,PART_OF
bls-25-1041.00,bls-25-1040,PART_OF
bls-25-1041.00,bls-25-1041,PART_OF
bls-25-1042,bls-25-0000,PART_OF
bls-25-1042,bls-25-1000,PART_OF
bls-25-1042,bls-25-1040,PART_OF
bls-25-1042.00,bls-25-0000,PART_OF
bls-25-1042.00,bls-25-1000,PART_OF
bls-25-1042.00,bls-25-1040,PART_OF
bls-25-1042.00,bls-25-1042,PART_OF
bls-25-1043,bls-25-0000,PART_OF
bls-25-1043,bls-25-1000,PART_OF
bls-25-1043,bls-25-1040,PART_OF
bls-25-1043.00,bls-25-0000,PART_OF
bls-25-1043.00,bls-25-1000,PART_OF
bls-25-1043.00,bls-25-1040,PART_OF
bls-25-1043.00,bls-25-1043,PART_OF
bls-25-1050,bls-25-0000,PART_OF
bls-25-1050,bls-25-1000,PART_OF
bls-25-1051,bls-25-0000,PART_OF
bls-25-1051,bls-25-1000,PART_OF
bls-25-1051,bls-25-1050,PART_OF
bls-25-1051.00,bls-25-0000,PART_OF
bls-25-1051.00,bls-25-1000,PART_OF
bls-25-1051.00,bls-25-1050,PART_OF
bls-25-1051.00,bls-25-1051,PART_OF
bls-25-1052,bls-25-0000,PART_OF
bls-25-1052,bls-25-1000,PART_OF
bls-25-1052,bls-25-1050,PART_OF
bls-25-1052.00,bls-25-0000,PART_OF
bls-25-1052.00,bls-25-1000,PART_OF
bls-25-1052.00,bls-25-1050,PART_OF
bls-25-1052.00,bls-25-1052,PART_OF
bls-25-1053,bls-25-0000,PART_OF
bls-25-1053,bls-25-1000,PART_OF
bls-25-1053,bls-25-1050,PART_OF
bls-25-1053.00,bls-25-0000,PART_OF
bls-25-1053.00,bls-25-1000,PART_OF
bls-25-1053.00,bls-25-1050,PART_OF
bls-25-1053.00,bls-25-1053,PART_OF
bls-25-1054,bls-25-0000,PART_OF
bls-25-1054,bls-25-1000,PART_OF
bls-25-1054,bls-25-1050,PART_OF
bls-25-1054.00,bls-25-0000,PART_OF
bls-25-1054.00,bls-25-1000,PART_OF
bls-25-1054.00,bls-25-1050,PART_OF
bls-25-1054.00,bls-25-1054,PART_OF
bls-25-1060,bls-25-0000,PART_OF
bls-25-1060,bls-25-1000,PART_OF
bls-25-1061,bls-25-0000,PART_OF
bls-25-1061,bls-25-1000,PART_OF
bls-25-1061,bls-25-1060,PART_OF
bls-25-1061.00,bls-25-0000,PART_OF
bls-25-1061.00,bls-25-1000,PART_OF
bls-25-1061.00,bls-25-1060,PART_OF
bls-25-1061.00,bls-25-1061,PART_OF
bls-25-1062,bls-25-0000,PART_OF
bls-25-1062,bls-25-1000,PART_OF
bls-25-1062,bls-25-1060,PART_OF
bls-25-1062.00,bls-25-0000,PART_OF
bls-25-1062.00,bls-25-1000,PART_OF
bls-25-1062.00,bls-25-1060,PART_OF
bls-25-1062.00,bls-25-1062,PART_OF
bls-25-1063,bls-25-0000,PART_OF
bls-25-1063,bls-25-1000,PART_OF
bls-25-1063,bls-25-1060,PART_OF
bls-25-1063.00,bls-25-0000,PART_OF
bls-25-1063.00,bls-25-1000,PART_OF
bls-25-1063.00,bls-25-1060,PART_OF
bls-25-1063.00,bls-25-1063,PART_OF
bls-25-1064,bls-25-0000,PART_OF
bls-25-1064,bls-25-1000,PART_OF
bls-25-1064,bls-25-1060,PART_OF
bls-25-1064.00,bls-25-0000,PART_OF
bls-25-1064.00,bls-25-1000,PART_OF
bls-25-1064.00,bls-25-1060,PART_OF
bls-25-1064.00,bls-25-1064,PART_OF
bls-25-1065,bls-25-0000,PART_OF
bls-25-1065,bls-25-1000,PART_OF
bls-25-1065,bls-25-1060,PART_OF
bls-25-1065.00,bls-25-0000,PART_OF
bls-25-1065.00,bls-25-1000,PART_OF
bls-25-1065.00,bls-25-1060,PART_OF
bls-25-1065.00,bls-25-1065,PART_OF
bls-25-1066,bls-25-0000,PART_OF
bls-25-1066,bls-25-1000,PART_OF
bls-25-1066,bls-25-1060,PART_OF
bls-25-1066.00,bls-25-0000,PART_OF
bls-25-1066.00,bls-25-1000,PART_OF
bls-25-1066.00,bls-25-1060,PART_OF
bls-25-1066.00,bls-25-1066,PART_OF
bls-25-1067,bls-25-0000,PART_OF
bls-25-1067,bls-25-1000,PART_OF
bls-25-1067,bls-25-1060,PART_OF
bls-25-1067.00,bls-25-0000,PART_OF
bls-25-1067.00,bls-25-1000,PART_OF
bls-25-1067.00,bls-25-1060,PART_OF
bls-25-1067.00,bls-25-1067,PART_OF
bls-25-1069,bls-25-0000,PART_OF
bls-25-1069,bls-25-1000,PART_OF
bls-25-1069,bls-25-1060,PART_OF
bls-25-1069.00,bls-25-0000,PART_OF
bls-25-1069.00,bls-25-1000,PART_OF
bls-25-1069.00,bls-25-1060,PART_OF
bls-25-1069.00,bls-25-1069,PART_OF
bls-25-1070,bls-25-0000,PART_OF
bls-25-1070,bls-25-1000,PART_OF
bls-25-1071,bls-25-0000,PART_OF
bls-25-1071,bls-25-1000,PART_OF
bls-25-1071,bls-25-1070,PART_OF
bls-25-1071.00,bls-25-0000,PART_OF
bls-25-1071.00,bls-25-1000,PART_OF
bls-25-1071.00,bls-25-1070,PART_OF
bls-25-1071.00,bls-25-1071,PART_OF
bls-25-1072,bls-25-0000,PART_OF
bls-25-1072,bls-25-1000,PART_OF
bls-25-1072,bls-25-1070,PART_OF
bls-25-1072.00,bls-25-0000,PART_OF
bls-25-1072.00,bls-25-1000,PART_OF
bls-25-1072.00,bls-25-1070,PART_OF
bls-25-1072.00,bls-25-1072,PART_OF
bls-25-1080,bls-25-0000,PART_OF
bls-25-1080,bls-25-1000,PART_OF
bls-25-1081,bls-25-0000,PART_OF
bls-25-1081,bls-25-1000,PART_OF
bls-25-1081,bls-25-1080,PART_OF
bls-25-1081.00,bls-25-0000,PART_OF
bls-25-1081.00,bls-25-1000,PART_OF
bls-25-1081.00,bls-25-1080,PART_OF
bls-25-1081.00,bls-25-1081,PART_OF
bls-25-1082,bls-25-0000,PART_OF
bls-25-1082,bls-25-1000,PART_OF
bls-25-1082,bls-25-1080,PART_OF
bls-25-1082.00,bls-25-0000,PART_OF
bls-25-1082.00,bls-25-1000,PART_OF
bls-25-1082.00,bls-25-1080,PART_OF
bls-25-1082.00,bls-25-1082,PART_OF
bls-25-1120,bls-25-0000,PART_OF
bls-25-1120,bls-25-1000,PART_OF
bls-25-1121,bls-25-0000,PART_OF
bls-25-1121,bls-25-1000,PART_OF
bls-25-1121,bls-25-1120,PART_OF
bls-25-1121.00,bls-25-0000,PART_OF
bls-25-1121.00,bls-25-1000,PART_OF
bls-25-1121.00,bls-25-1120,PART_OF
bls-25-1121.00,bls-25-1121,PART_OF
bls-25-1122,bls-25-0000,PART_OF
bls-25-1122,bls-25-1000,PART_OF
bls-25-1122,bls-25-1120,PART_OF
bls-25-1122.00,bls-25-0000,PART_OF
bls-25-1122.00,bls-25-1000,PART_OF
bls-25-1122.00,bls-25-1120,PART_OF
bls-25-1122.00,bls-25-1122,PART_OF
bls-25-1123,bls-25-0000,PART_OF
bls-25-1123,bls-25-1000,PART_OF
bls-25-1123,bls-25-1120,PART_OF
bls-25-1123.00,bls-25-0000,PART_OF
bls-25-1123.00,bls-25-1000,PART_OF
bls-25-1123.00,bls-25-1120,PART_OF
bls-25-1123.00,bls-25-1123,PART_OF
bls-25-1124,bls-25-0000,PART_OF
bls-25-1124,bls-25-1000,PART_OF
bls-25-1124,bls-25-1120,PART_OF
bls-25-1124.00,bls-25-0000,PART_OF
bls-25-1124.00,bls-25-1000,PART_OF
bls-25-1124.00,bls-25-1120,PART_OF
bls-25-1124.00,bls-25-1124,PART_OF
bls-25-1125,bls-25-0000,PART_OF
bls-25-1125,bls-25-1000,PART_OF
bls-25-1125,bls-25-1120,PART_OF
bls-25-1125.00,bls-25-0000,PART_OF
bls-25-1125.00,bls-25-1000,PART_OF
bls-25-1125.00,bls-25-1120,PART_OF
bls-25-1125.00,bls-25-1125,PART_OF
bls-25-1126,bls-25-0000,PART_OF
bls-25-1126,bls-25-1000,PART_OF
bls-25-1126,bls-25-1120,PART_OF
bls-25-1126.00,bls-25-0000,PART_OF
bls-25-1126.00,bls-25-1000,PART_OF
bls-25-1126.00,bls-25-1120,PART_OF
bls-25-1126.00,bls-25-1126,PART_OF
bls-25-2010,bls-25-0000,PART_OF
bls-25-2010,bls-25-2000,PART_OF
bls-25-2011,bls-25-0000,PART_OF
bls-25-2011,bls-25-2000,PART_OF
bls-25-2011,bls-25-2010,PART_OF
bls-25-2011.00,bls-25-0000,PART_OF
bls-25-2011.00,bls-25-2000,PART_OF
bls-25-2011.00,bls-25-2010,PART_OF
bls-25-2011.00,bls-25-2011,PART_OF
bls-25-2012,bls-25-0000,PART_OF
bls-25-2012,bls-25-2000,PART_OF
bls-25-2012,bls-25-2010,PART_OF
bls-25-2012.00,bls-25-0000,PART_OF
bls-25-2012.00,bls-25-2000,PART_OF
bls-25-2012.00,bls-25-2010,PART_OF
bls-25-2012.00,bls-25-2012,PART_OF
bls-25-2020,bls-25-0000,PART_OF
bls-25-2020,bls-25-2000,PART_OF
bls-25-2021,bls-25-0000,PART_OF
bls-25-2021,bls-25-2000,PART_OF
bls-25-2021,bls-25-2020,PART_OF
bls-25-2021.00,bls-25-0000,PART_OF
bls-25-2021.00,bls-25-2000,PART_OF
bls-25-2021.00,bls-25-2020,PART_OF
bls-25-2021.00,bls-25-2021,PART_OF
bls-25-2022,bls-25-0000,PART_OF
bls-25-2022,bls-25-2000,PART_OF
bls-25-2022,bls-25-2020,PART_OF
bls-25-2022.00,bls-25-0000,PART_OF
bls-25-2022.00,bls-25-2000,PART_OF
bls-25-2022.00,bls-25-2020,PART_OF
bls-25-2022.00,bls-25-2022,PART_OF
bls-25-2023,bls-25-0000,PART_OF
bls-25-2023,bls-25-2000,PART_OF
bls-25-2023,bls-25-2020,PART_OF
bls-25-2030,bls-25-0000,PART_OF
bls-25-2030,bls-25-2000,PART_OF
bls-25-2031,bls-25-0000,PART_OF
bls-25-2031,bls-25-2000,PART_OF
bls-25-2031,bls-25-2030,PART_OF
bls-25-2031.00,bls-25-0000,PART_OF
bls-25-2031.00,bls-25-2000,PART_OF
bls-25-2031.00,bls-25-2030,PART_OF
bls-25-2031.00,bls-25-2031,PART_OF
bls-25-2032,bls-25-0000,PART_OF
bls-25-2032,bls-25-2000,PART_OF
bls-25-2032,bls-25-2030,PART_OF
bls-25-2050,bls-25-0000,PART_OF
bls-25-2050,bls-25-2000,PART_OF
bls-25-2051,bls-25-0000,PART_OF
bls-25-2051,bls-25-2000,PART_OF
bls-25-2051,bls-25-2050,PART_OF
bls-25-2051.00,bls-25-0000,PART_OF
bls-25-2051.00,bls-25-2000,PART_OF
bls-25-2051.00,bls-25-2050,PART_OF
bls-25-2051.00,bls-25-2051,PART_OF
bls-25-2052,bls-25-0000,PART_OF
bls-25-2052,bls-25-2000,PART_OF
bls-25-2052,bls-25-2050,PART_OF
bls-25-2055,bls-25-0000,PART_OF
bls-25-2055,bls-25-2000,PART_OF
bls-25-2055,bls-25-2050,PART_OF
bls-25-2055.00,bls-25-0000,PART_OF
bls-25-2055.00,bls-25-2000,PART_OF
bls-25-2055.00,bls-25-2050,PART_OF
bls-25-2055.00,bls-25-2055,PART_OF
bls-25-2056,bls-25-0000,PART_OF
bls-25-2056,bls-25-2000,PART_OF
bls-25-2056,bls-25-2050,PART_OF
bls-25-2056.00,bls-25-0000,PART_OF
bls-25-2056.00,bls-25-2000,PART_OF
bls-25-2056.00,bls-25-2050,PART_OF
bls-25-2056.00,bls-25-2056,PART_OF
bls-25-2057,bls-25-0000,PART_OF
bls-25-2057,bls-25-2000,PART_OF
bls-25-2057,bls-25-2050,PART_OF
bls-25-2057.00,bls-25-0000,PART_OF
bls-25-2057.00,bls-25-2000,PART_OF
bls-25-2057.00,bls-25-2050,PART_OF
bls-25-2057.00,bls-25-2057,PART_OF
bls-25-2058,bls-25-0000,PART_OF
bls-25-2058,bls-25-2000,PART_OF
bls-25-2058,bls-25-2050,PART_OF
bls-25-2058.00,bls-25-0000,PART_OF
bls-25-2058.00,bls-25-2000,PART_OF
bls-25-2058.00,bls-25-2050,PART_OF
bls-25-2058.00,bls-25-2058,PART_OF
bls-25-2059,bls-25-0000,PART_OF
bls-25-2059,bls-25-2000,PART_OF
bls-25-2059,bls-25-2050,PART_OF
bls-25-2059.00,bls-25-0000,PART_OF
bls-25-2059.00,bls-25-2000,PART_OF
bls-25-2059.00,bls-25-2050,PART_OF
bls-25-2059.00,bls-25-2059,PART_OF
bls-25-3000,bls-25-0000,PART_OF
bls-25-3010,bls-25-0000,PART_OF
bls-25-3010,bls-25-3000,PART_OF
bls-25-3011,bls-25-0000,PART_OF
bls-25-3011,bls-25-3000,PART_OF
bls-25-3011,bls-25-3010,PART_OF
bls-25-3090,bls-25-0000,PART_OF
bls-25-3090,bls-25-3000,PART_OF
bls-25-3099,bls-25-0000,PART_OF
bls-25-3099,bls-25-3000,PART_OF
bls-25-3099,bls-25-3090,PART_OF
bls-25-4020,bls-25-0000,PART_OF
bls-25-4020,bls-25-4000,PART_OF
bls-25-4022,bls-25-0000,PART_OF
bls-25-4022,bls-25-4000,PART_OF
bls-25-4022,bls-25-4020,PART_OF
bls-25-9000,bls-25-0000,PART_OF
bls-25-9011,bls-25-0000,PART_OF
bls-25-9011,bls-25-9000,PART_OF
bls-25-9011.00,bls-25-0000,PART_OF
bls-25-9011.00,bls-25-9000,PART_OF
bls-25-9030,bls-25-0000,PART_OF
bls-25-9030,bls-25-9000,PART_OF
bls-25-9031,bls-25-0000,PART_OF
bls-25-9031,bls-25-9000,PART_OF
bls-25-9031,bls-25-9030,PART_OF
bls-25-9031.00,bls-25-0000,PART_OF
bls-25-9031.00,bls-25-9000,PART_OF
bls-25-9031.00,bls-25-9030,PART_OF
bls-25-9031.00,bls-25-9031,PART_OF
bls-25-9031.01,bls-25-0000,PART_OF
bls-25-9031.01,bls-25-9000,PART_OF
bls-25-9031.01,bls-25-9030,PART_OF
bls-25-9031.01,bls-25-9031,PART_OF
bls-25-9042.00,bls-25-0000,PART_OF
bls-25-9042.00,bls-25-9000,PART_OF
bls-25-9042.00,bls-25-9040,PART_OF
bls-25-9042.00,bls-25-9042,PART_OF
bls-25-9043.00,bls-25-0000,PART_OF
bls-25-9043.00,bls-25-9000,PART_OF
bls-25-9043.00,bls-25-9040,PART_OF
bls-25-9043.00,bls-25-9043,PART_OF
bls-25-9090,bls-25-0000,PART_OF
bls-25-9090,bls-25-9000,PART_OF
bls-25-9099,bls-25-0000,PART_OF
bls-25-9099,bls-25-9000,PART_OF
bls-25-9099,bls-25-9090,PART_OF
bls-25-9099.00,bls-25-0000,PART_OF
bls-25-9099.00,bls-25-9000,PART_OF
bls-25-9099.00,bls-25-9090,PART_OF
bls-25-9099.00,bls-25-9099,PART_OF
bls-2665846,bls-2665846-0000,PART_OF
bls-29-1040,bls-29-0000,PART_OF
bls-29-1040,bls-29-1000,PART_OF
bls-29-1041,bls-29-0000,PART_OF
bls-29-1041,bls-29-1000,PART_OF
bls-29-1041,bls-29-1040,PART_OF
bls-29-1050,bls-29-0000,PART_OF
bls-29-1050,bls-29-1000,PART_OF
bls-29-1051,bls-29-0000,PART_OF
bls-29-1051,bls-29-1000,PART_OF
bls-29-1051,bls-29-1050,PART_OF
bls-29-1070,bls-29-0000,PART_OF
bls-29-1070,bls-29-1000,PART_OF
bls-29-1071,bls-29-0000,PART_OF
bls-29-1071,bls-29-1000,PART_OF
bls-29-1071,bls-29-1070,PART_OF
bls-29-1126,bls-29-0000,PART_OF
bls-29-1126,bls-29-1000,PART_OF
bls-29-1126,bls-29-1120,PART_OF
bls-29-1140,bls-29-0000,PART_OF
bls-29-1140,bls-29-1000,PART_OF
bls-29-1141,bls-29-0000,PART_OF
bls-29-1141,bls-29-1000,PART_OF
bls-29-1141,bls-29-1140,PART_OF
bls-29-1141.00,bls-29-0000,PART_OF
bls-29-1141.00,bls-29-1000,PART_OF
bls-29-1141.00,bls-29-1140,PART_OF
bls-29-1141.00,bls-29-1141,PART_OF
bls-29-1141.01,bls-29-0000,PART_OF
bls-29-1141.01,bls-29-1000,PART_OF
bls-29-1141.01,bls-29-1140,PART_OF
bls-29-1141.01,bls-29-1141,PART_OF
bls-29-1141.02,bls-29-0000,PART_OF
bls-29-1141.02,bls-29-1000,PART_OF
bls-29-1141.02,bls-29-1140,PART_OF
bls-29-1141.02,bls-29-1141,PART_OF
bls-29-1141.03,bls-29-0000,PART_OF
bls-29-1141.03,bls-29-1000,PART_OF
bls-29-1141.03,bls-29-1140,PART_OF
bls-29-1141.03,bls-29-1141,PART_OF
bls-29-1141.04,bls-29-0000,PART_OF
bls-29-1141.04,bls-29-1000,PART_OF
bls-29-1141.04,bls-29-1140,PART_OF
bls-29-1141.04,bls-29-1141,PART_OF
bls-29-1170,bls-29-0000,PART_OF
bls-29-1170,bls-29-1000,PART_OF
bls-29-1171,bls-29-0000,PART_OF
bls-29-1171,bls-29-1000,PART_OF
bls-29-1171,bls-29-1170,PART_OF
bls-29-1290,bls-29-0000,PART_OF
bls-29-1290,bls-29-1000,PART_OF
bls-29-1292,bls-29-0000,PART_OF
bls-29-1292,bls-29-1000,PART_OF
bls-29-1292,bls-29-1290,PART_OF
bls-29-2050,bls-29-0000,PART_OF
bls-29-2050,bls-29-2000,PART_OF
bls-29-2052,bls-29-0000,PART_OF
bls-29-2052,bls-29-2000,PART_OF
bls-29-2052,bls-29-2050,PART_OF
bls-29-2070,bls-29-0000,PART_OF
bls-29-2070,bls-29-2000,PART_OF
bls-29-2071,bls-29-0000,PART_OF
bls-29-2071,bls-29-2000,PART_OF
bls-29-2071.00,bls-29-0000,PART_OF
bls-29-2071.00,bls-29-2000,PART_OF
bls-29-2072,bls-29-0000,PART_OF
bls-29-2072,bls-29-2000,PART_OF
bls-29-2072,bls-29-2070,PART_OF
bls-29-2072.00,bls-29-0000,PART_OF
bls-29-2072.00,bls-29-2000,PART_OF
bls-29-2072.00,bls-29-2070,PART_OF
bls-29-2072.00,bls-29-2072,PART_OF
bls-29-2080,bls-29-0000,PART_OF
bls-29-2080,bls-29-2000,PART_OF
bls-29-2081,bls-29-0000,PART_OF
bls-29-2081,bls-29-2000,PART_OF
bls-29-2081,bls-29-2080,PART_OF
bls-29-2098,bls-29-0000,PART_OF
bls-29-2098,bls-29-2000,PART_OF
bls-29-2098,bls-29-2090,PART_OF
bls-31-1120,bls-31-0000,PART_OF
bls-31-1120,bls-31-1100,PART_OF
bls-31-1130,bls-31-0000,PART_OF
bls-31-1130,bls-31-1100,PART_OF
bls-31-1131,bls-31-0000,PART_OF
bls-31-1131,bls-31-1100,PART_OF
bls-31-1131,bls-31-1130,PART_OF
bls-31-9090,bls-31-0000,PART_OF
bls-31-9090,bls-31-9000,PART_OF
bls-31-9091,bls-31-0000,PART_OF
bls-31-9091,bls-31-9000,PART_OF
bls-31-9091,bls-31-9090,PART_OF
bls-31-9092,bls-31-0000,PART_OF
bls-31-9092,bls-31-9000,PART_OF
bls-31-9092,bls-31-9090,PART_OF
bls-31-9095,bls-31-0000,PART_OF
bls-31-9095,bls-31-9000,PART_OF
bls-31-9095,bls-31-9090,PART_OF
bls-31-909529-1141,bls-31-0000,PART_OF
bls-31-909529-1141,bls-31-9000,PART_OF
bls-33-1010,bls-33-0000,PART_OF
bls-33-1010,bls-33-1000,PART_OF
bls-33-3010,bls-33-0000,PART_OF
bls-33-3010,bls-33-3000,PART_OF
bls-33-3020,bls-33-0000,PART_OF
bls-33-3020,bls-33-3000,PART_OF
bls-33-3021,bls-33-0000,PART_OF
bls-33-3021,bls-33-3000,PART_OF
bls-33-3021,bls-33-3020,PART_OF
bls-33-3050,bls-33-0000,PART_OF
bls-33-3050,bls-33-3000,PART_OF
bls-36831,bls-36831-0000,PART_OF
bls-37-1010,bls-37-0000,PART_OF
bls-37-1010,bls-37-1000,PART_OF
bls-37-1011,bls-37-0000,PART_OF
bls-37-1011,bls-37-1000,PART_OF
bls-37-1011,bls-37-1010,PART_OF
bls-37-1011.00,bls-37-0000,PART_OF
bls-37-1011.00,bls-37-1000,PART_OF
bls-37-1011.00,bls-37-1010,PART_OF
bls-37-1011.00,bls-37-1011,PART_OF
bls-39-1010,bls-39-0000,PART_OF
bls-39-1010,bls-39-1000,PART_OF
bls-39-1011,bls-39-0000,PART_OF
bls-39-1011,bls-39-1000,PART_OF
bls-39-1011.00,bls-39-0000,PART_OF
bls-39-1011.00,bls-39-1000,PART_OF
bls-39-1020,bls-39-0000,PART_OF
bls-39-1020,bls-39-1000,PART_OF
bls-39-1022,bls-39-0000,PART_OF
bls-39-1022,bls-39-1000,PART_OF
bls-39-1022,bls-39-1020,PART_OF
bls-39-1022.00,bls-39-0000,PART_OF
bls-39-1022.00,bls-39-1000,PART_OF
bls-39-1022.00,bls-39-1020,PART_OF
bls-39-1022.00,bls-39-1022,PART_OF
bls-41-1011,bls-41-0000,PART_OF
bls-41-1011,bls-41-1000,PART_OF
bls-41-1011,bls-41-1010,PART_OF
bls-41-2031,bls-41-0000,PART_OF
bls-41-2031,bls-41-2000,PART_OF
bls-41-2031,bls-41-2030,PART_OF
bls-43-3031.00,bls-43-0000,PART_OF
bls-43-3031.00,bls-43-3000,PART_OF
bls-43-3031.00,bls-43-3030,PART_OF
bls-43-3031.00,bls-43-3031,PART_OF
bls-449919,bls-449919-0000,PART_OF
bls-Nov-30,bls-null-3000,PART_OF
bls-Nov-31,bls-null-3000,PART_OF
